id,length,tonnage,engine_power,crew_size,label,split
003746ed4-4976-212f-fffe-6329872a409a,,,,,,Training
0040e3bfb-b62a-632a-725e-70cc42a82593,,,,,,Training
00f497a5d-d4b9-0aac-6d46-713b29c723ba,,,,,,Training
00fd42527-78fd-8d4b-2959-c0f8cc48ce42,25.0,148.0,221.0,,pole_and_line,Test
01884b6e3-3925-cbee-162b-5df74c791aa1,35.5,295.0,500.0,,trawlers,Test
023fd6583-3232-33f8-16dd-9a4cb8775dae,,,,,,Training
0245a9e14-4e3a-ad0e-333b-e7da54b2b0e6,51.35333333333333,644.0,888.6,26.0,drifting_longlines,Training
027260d4d-d8aa-eb47-0825-c8a560b022c8,,,,,,Training
02b742a26-68af-7358-56d0-36436f885037,,,,,,Training
02faadaac-c879-acdd-a24c-73e1c852b53f,,,,,,Training
02fb1587f-fbf8-fcff-7898-94e14065a393,,,,,,Training
03264a0df-fc02-e1ac-fb0a-14832d23fe89,39.1125,296.0,596.0,18.0,drifting_longlines|set_longlines,Training
0326fb10e-e4cd-a1f6-f307-be00dc99c31a,37.5,465.0,,,drifting_longlines,Test
0380bb135-5d41-86f9-adfa-e199a82c9e7b,27.195,154.0,295.5766666666667,,purse_seines|pole_and_line,Training
03b81f1ff-f0bb-962c-b798-874050487fc2,,,,,,Training
03eb2b6c3-3dcc-c997-bc4f-f1c96d714a42,36.165,427.0,406.2742,,drifting_longlines|set_longlines,Training
0449a1daa-a51d-ec9e-79d7-f1182ab55d7e,,,,,,Training
044ca03ad-d98c-16d4-c0cc-27d6a30a458a,,,,,,Training
04e6570ef-ff11-0115-e6fe-7cc0e28c62d5,25.0,148.0,221.0,,pole_and_line,Training
05adecb68-85c6-3dc0-ee66-f79fef549d74,31.2,142.0,599.5428,,purse_seines,Training
06110a2e5-5bfd-edfd-d611-0f710f38001f,,,,,,Training
063b573f4-4eee-570f-dd85-c8bec18ea495,,,,,,Training
06692929a-a02d-d0b0-97fd-8acb2f988cac,,,,,,Training
0695ec71f-f895-192a-babc-b85cc11f8d6f,,,,,,Training
083102ea5-5692-54dc-f501-f84c44b633a8,,,,,,Training
0848bc463-33cd-247b-38c6-32a7629c12d2,,,,,,Training
09fe8a1a0-08fc-2b3f-f0fb-fd134aca878b,,,,,,Training
0a5887e7e-e306-e4ee-674c-60c129ae9637,,,,,,Training
0ae256d80-0c6c-b35c-5fbf-021d2db4c902,,,,,,Training
0afc4fe22-2f20-e9d5-3489-9d1f9f230b05,,,,,,Training
0b0b92d21-1ac6-988e-d76d-c8f0b8d643bc,,,,,,Training
0b10116bd-dc8a-bfc3-1082-0f9113428f49,17.8,,187.0,8.0,drifting_longlines|set_longlines,Training
0be409e8a-ab77-8ae2-2a13-8638780e0a16,51.5732,664.0,1038.04,25.0,drifting_longlines|set_longlines,Training
0c21ebe10-0de5-6de3-e6b1-1b2ffa9e7baa,,,,,,Training
0c6cde62a-a121-e4e8-12dd-9090cc5d5275,72.8,960.0,1617.0,,squid_jigger,Training
0d840090b-b069-3fac-d75d-9f7d3ae97e63,,,,,,Training
0d88ac7e3-3dd8-c723-319d-e12bffe352ca,,,,,,Training
0e015b835-5794-8211-6440-c70fc721c358,,,,,,Training
0e218b19a-a439-f1bb-76b8-46f1d6c9b571,37.3,222.0,,,drifting_longlines|set_longlines,Training
0e4901e11-1984-91b4-b375-0c67fb2ecd6b,,,,,,Training
0e99332df-f925-46e4-82cb-6edf1bbf3ef3,21.0,97.0,353.0,6.0,set_longlines|drifting_longlines,Training
0ecb301bc-cc38-6ab9-dc00-b8fdcd4b7d7a,,,,,,Training
0f03aea25-5e31-89ef-4cae-efc23e5bda56,,,,,,Training
0f1d01314-4bef-8adc-3567-d62c0226a260,,,,,,Training
0f7badcab-bcea-235d-845b-4b013f5e6639,,,,,,Training
0f7eb156e-e065-de0f-3d34-63d89300bf5d,56.07,698.0,882.0,,pots_and_traps,Test
0fd5f0af1-1da9-3005-73d4-c1d6c41bcc44,,,,,,Training
0fd95fa25-5e9a-602a-1ca8-7508f9b5b71a,26.189999999999998,101.0,299.95,,trawlers,Test
104688c34-4699-fea4-f125-e399d2ae3f51,25.6,110.0,220.0,,trawlers,Test
10fbca208-8960-6b08-9a70-1b0610fc7799,,,,,,Training
110a84709-93bb-f9cc-5aeb-55c0f49194b8,61.96333333333333,349.0,2942.0,24.0,tuna_purse_seines,Training
1132185b0-0a86-2cff-1fb3-0daebe98509f,,,,,,Training
11428c59e-ec60-f3bc-b34a-b8efea156da7,,,,,,Training
1142c655b-b595-353a-2b49-fe6b7ceaad47,,,,,,Training
11872541b-bcae-3d93-abad-7cfa0921dd11,46.45,681.0,941.6833333333333,23.0,set_longlines|drifting_longlines,Training
11f5b9e29-9305-f9f4-fb09-c023439fc762,48.8,452.0,,,drifting_longlines,Test
1224155a3-384e-efed-78c9-493cabd91b36,,,,,,Training
12352822f-f051-a234-e4cc-8a09b0408b09,,,,,fishing,Training
124fffb9f-f9ac-5508-148f-c0b2566dc419,23.424999999999997,97.0,286.7072,,set_gillnets,Test
1296b8d47-7ac5-b7d1-395a-a9b8c0c5c193,9.88,5.65,87.0,,pots_and_traps,Test
145876a6e-e741-d4e7-67c9-0e7be0ff33b7,32.0,294.0,443.3666666666667,,drifting_longlines|set_longlines,Training
147d7f1b2-2922-7181-7bbd-367c4a1635db,,,,,,Training
14a1f5989-94ab-194d-08cc-3c0ca528ca0e,27.55,79.0,335.7,14.0,set_longlines|drifting_longlines,Training
155c14afa-a662-7c4d-cff9-18d26bb85582,,,,,,Training
15898dc72-2d43-02c1-0619-8d5e9a775c14,,,,,,Training
15ddf6acd-d1c9-6a60-ec0c-0fecc61a4a0c,50.59,436.0,743.1640000000001,24.0,drifting_longlines,Training
160b45973-3886-b8e4-6f65-256ce5020df7,25.549999999999997,79.0,775.0939999999999,14.0,drifting_longlines|set_longlines,Training
16cb4e003-3d4c-4b75-028e-34679236613d,,,,,,Training
16e2f07eb-bc54-e9c9-11de-86984804344a,,,,,fishing,Training
17af2e503-3146-aa0b-0f72-c955566efd18,,,,,,Training
17c536736-684e-1b31-9584-b9f203d70006,26.1,88.0,495.717,16.0,set_longlines|drifting_longlines,Training
1883b71dd-dc37-4f0a-73ab-d8892b4b125e,,,,,,Training
188f3dd44-4198-7e56-275b-206db6158c15,,,,,,Training
18e73b590-00d7-b0ec-574c-026fcfb73b97,,,,,,Training
1951dedb5-5e41-79ff-139d-f9dc51a23e24,,,,,,Training
197e2ea50-01d9-2d11-79db-fe01b23434ed,22.5,66.0,162.56466666666665,,purse_seines,Training
1998c7c34-48c2-f447-490c-7a0250620268,,,,,,Training
1a0a53675-5c6e-61f6-10c7-7a394a608ace,,,,,,Training
1a10d1ef3-3f4b-6166-cdec-266d38ccfbf9,,,,,tanker,Training
1abad9a58-8758-383e-8c58-6c8029ecaa44,70.595,1100.0,,,tuna_purse_seines,Test
1bb962c25-5731-744a-ccf5-5444fad2efde,,,,,trawlers,Training
1bf14f613-3484-5461-41a5-384bdbbf561c,,,,,purse_seines,Training
1c19e92f5-5f6a-513a-f1d8-f9d4e77a52a3,,,,,,Training
1ca7d5873-31b3-26a6-7cbb-1def79c9fe0e,56.54666666666667,719.0,1185.3,25.0,drifting_longlines,Training
1cbb3e914-42f8-08ca-fd92-89c723582e8a,,,,,,Training
1cca5365d-d2a8-0a70-762e-9708059c4fcf,30.4,287.0,664.2725,,purse_seines,Training
1d7f62074-48cf-58eb-364e-59a7112307cc,,,,,,Training
1da6b7a0a-a39f-0e83-4c58-b3b336298262,,,,,,Training
1dccc982e-e07e-036d-003d-7e69d2ce8806,,,,,,Training
1decf3e33-30cb-b3b7-6762-febfd61dbfe1,46.5,496.0,1059.1333333333334,26.0,drifting_longlines|set_longlines,Training
1dfdc5137-765b-e606-4f61-2d24694ef367,49.236666666666665,384.0,740.5,25.0,drifting_longlines|set_longlines,Training
1e19515ac-c7ca-8ab9-753f-6270a2a88127,,,,,,Training
1ec167e63-378f-c644-18f4-427ac93ae903,,,,,,Training
1ed1abbd2-2c7b-9991-8862-b119c80b3f85,73.6,2042.0,3782.966,,tuna_purse_seines|reefer,Training
1fe43f651-11a3-402d-dfed-efde848e7eee,81.85,1692.0,3690.0,,tuna_purse_seines,Training
1fe76f089-93be-2ce2-8dd9-7ecb24ecff4b,,,,,,Training
1ff2afd3f-f760-6aa4-72aa-35460b2fc85e,,,,,,Training
1ffdf6489-9586-9705-b4c7-320a6f409884,,,,,,Training
219405484-424f-8685-58d4-204952ec87d8,24.875,147.0,319.589525,,set_gillnets|set_longlines|pole_and_line|drifting_longlines,Training
219802809-9b1a-7b7a-638d-3c75722bee37,42.5,1048.0,1776.0,,trawlers,Training
219b36412-2a27-f339-6a06-1ecb9589a24d,,,,,,Training
21cc93630-0610-e309-59fa-e2b26301e278,,,,,,Training
2282b73a5-54dc-f124-6f75-30b829502879,,,,,,Training
228cb6bdc-c1bd-ba56-5e86-94861486bd5b,49.995000000000005,684.0,735.0,30.0,set_longlines|drifting_longlines|pole_and_line,Training
22aa7a4ca-a676-b854-1d45-7988c6800c84,,,,,,Training
232c2a5b9-9ef4-aa9f-e320-7a45dc812d64,,,,,,Training
23b753ddb-b74b-049a-a998-6a6b8212118b,51.760000000000005,416.0,888.6,25.0,drifting_longlines,Test
24d9427b3-39fc-7d09-1f82-1688686b8a16,18.4,62.0,216.0,,pots_and_traps,Training
24e8afd2e-eb47-054d-4bdc-6e61e10d071f,35.5,295.0,500.0,,trawlers,Training
24fc184d5-5de5-790a-d9d9-78d0542a3326,19.0,93.39,128.60295,,set_longlines|drifting_longlines|pole_and_line,Training
25a4909a0-097a-46db-4ae8-6ebe86cc58fc,,,,,,Training
25ef9288a-ad31-a1da-f4c2-d20bb7485b89,15.95,84.36,257.0,,dredge_fishing|trawlers,Training
260b7f095-5652-5674-fa64-8358fa530f96,21.0,93.0,353.0,6.0,set_longlines|drifting_longlines,Training
269657e51-17d7-36c1-830c-9fa1ce04e627,54.685,439.0,735.0,25.0,set_longlines|drifting_longlines,Training
26ba73330-0073-61ae-0320-8f4c4814ea0d,,,,,,Training
26c7d1041-1ead-ec02-22db-9cb3ddc6bbb7,,,,,,Training
275f5c3ae-e209-d688-da85-c01f342cb27e,52.515333334,408.0,890.68,25.0,set_longlines|drifting_longlines,Training
27f640ce2-2474-256d-a4cf-9a3b20e944da,,,,,,Training
281a4316c-c1fd-90cd-e8ce-c4541f3af9d5,,,,,,Training
282fb076f-fe2f-27ba-09cc-8efd14d8bd20,,,,,,Training
28f960898-8bd3-4fe0-367a-04bc9873cb4a,,,,,,Training
292c75f3b-b58a-0534-be37-e8d894c84a73,106.592,4406.0,5734.486666666667,29.0,tuna_purse_seines,Test
2977ac6e3-3b91-201f-7fae-1d87d02d2796,,,,,,Training
299d646de-e1d7-889f-d0aa-cc27f6dadd62,,,,,,Training
29d6550e5-5e89-1980-9d7e-6334b3e37a41,9.635,5.1,59.0,,set_gillnets|set_longlines,Training
29eeaa71d-d92a-3c87-4d5e-e9b8e6003fb1,,,,,,Training
2a1303899-91e2-ed19-41f4-ec717aaf9b24,61.96333333333333,349.0,2942.0,24.0,tuna_purse_seines,Training
2a39ac3f7-7f0e-bc62-48dd-5e9749e12e46,,,,,,Training
2a6fcd810-0a67-0adf-0e06-afb6b4e35f90,84.11,2319.0,4000.0,,tuna_purse_seines,Training
2aba11d84-42f0-7e83-b607-a72457640829,,,,,,Training
2af05bb5d-d604-a219-cab7-cbf8a39ffd82,,,,,,Training
2af817e06-6033-41f1-4543-36d21d18dc85,49.995000000000005,439.0,593.7128,25.0,drifting_longlines|set_longlines,Training
2b2253b95-5ff6-1aa6-1960-fc01ef0d6941,11.96,15.84,206.0,,pole_and_line,Training
2b56202e1-16e2-65cb-7479-a23547fdcdf4,47.015,409.0,741.8359999999999,25.0,drifting_longlines|set_longlines,Training
2b5867e4a-aafc-fd6b-e67c-8eb6d972028c,,,,,,Training
2be59bf54-4974-bc7f-f735-664f6220b9ed,17.615000000000002,18.0,324.0,,trollers,Training
2c557c2c7-7657-f566-0637-cb73f22d50fc,21.1,180.0,272.0,4.0,set_longlines|drifting_longlines,Training
2de310fe5-53b1-6420-6d96-8241ecdb2f64,20.0,52.61,144.09383333333335,,purse_seines,Training
2ed05c69f-fa58-4720-0414-f5919dc84ea6,,,,,,Training
2fc41b5cc-c699-b388-a2cb-96df8b738625,70.45,1356.0,2684.52,,tuna_purse_seines,Test
307e66004-4a33-1229-5d04-64a45046eab8,,,,,,Training
30b9b9387-73eb-adbc-8da5-54b3b8ff86d0,,,,,,Training
30cdb6928-8680-1563-7c05-4a868b45fac6,,,,,,Training
30d98d3d4-4d8c-a280-3475-8738894154f3,26.96,236.0,522.0,,research,Training
312d454b1-126e-d2dd-b415-bcbcd7c1599b,,,,,,Training
31470a98c-ccc8-d926-5928-bfed6dbfa738,,,,,,Training
31f95c422-273f-9d46-4a87-1579a19f0186,22.39,65.61,258.8,,drifting_longlines|set_longlines|pole_and_line,Training
3257a7022-2b7e-fb12-fbb2-6672c849dfca,49.394999999999996,379.0,663.7112500000001,23.0,drifting_longlines,Training
328120e10-0326-9ee3-a03c-d0deb4331086,,,,,,Training
33078a705-5eed-412e-b551-fc95fbfec302,,,,,,Training
3367a40df-f419-ed22-20ff-80b020a8493b,36.165,427.0,406.2742,,drifting_longlines|set_longlines,Training
33bdd196b-b165-8ed8-70da-c2629c5ef51f,,,,,,Training
3462c2bfd-ddfc-5823-501c-86d2eadd09c9,55.97,546.0,735.556,,drifting_longlines|set_longlines,Training
350a38d53-3669-b963-81f4-19db02a9ec9b,21.6,54.19,269.7135,,purse_seines,Training
3584c5217-7da2-6cbc-fe12-ed7f480d1b88,27.7,159.0,411.8,,trawlers,Training
3597ca0d7-7e45-5793-2223-1d7efc32c8f4,27.35,99.0,723.62,15.666666666666666,drifting_longlines,Training
35bc460c8-82c9-6a9d-5dd0-482db1adb172,84.1,2502.0,62521.29600000001,27.0,tuna_purse_seines,Training
35e330660-0eb9-b396-fc1b-c12d85df0e5a,,,,,,Training
35ebcc974-4d59-a1df-f180-0d78d36ce73c,,,,,,Training
361b038fd-d116-f799-2ea5-5c6e43a8c0fd,23.99,,746.0,15.0,drifting_longlines|set_longlines,Training
36870dd68-833d-1a69-0c21-2f8bf864f59f,,,,,,Training
369689ca7-758d-71d9-8c84-ca13c353291d,32.0,283.0,369.4733333333333,,drifting_longlines|set_longlines,Training
36b10b504-49e7-99cd-bf53-ed35e5a2deda,82.06,2026.0,3333.501,37.5,tuna_purse_seines,Test
36fdba327-740e-dc2f-6f6d-8edd922e2bb2,49.995000000000005,439.0,735.278,25.0,set_longlines|drifting_longlines,Training
378e174a3-3831-b5c5-363b-2954d272e47b,18.9,32.98,169.18,,purse_seines,Training
379609065-58e8-2b44-7cf0-e4693447d301,,,,,,Training
37af67857-7ba4-50cc-d7f0-d992f7a525f4,,,,,,Training
385273007-726b-90c2-4aea-5d7918fc1c31,,,,,,Training
3884c8d1e-e207-e36f-466e-950de872563f,52.33,427.0,888.6,26.0,drifting_longlines,Training
38923a9a7-7145-75f8-c8cc-f9aac94529a7,30.0,286.0,517.26,,drifting_longlines|set_longlines|pole_and_line,Training
393741c5a-acae-e79c-8234-312ea393cef4,49.9,409.0,830.55,29.0,set_longlines|drifting_longlines,Training
3945cf601-12c8-7152-5508-ea1e532b5a5b,,,,,,Training
3a01a674c-cb72-7cf7-26e1-ef5481ff7d24,,,,,,Training
3a4899d88-82d1-6999-332e-7daf7d414cd2,,,,,,Training
3abb07029-9dfb-fb97-40f6-837aac6262c9,20.6,62.0,206.0,,trawlers,Training
3aefdceb1-1f58-ebdd-5b74-4dfcd75332f6,,,,,fishing,Training
3b11d6ad8-8f2c-1585-d31d-2f983df75f8c,41.511142858,578.0,773.9607500000001,,set_longlines|drifting_longlines|pole_and_line,Training
3b33286f0-0e56-571a-5d62-5267593e5a9c,,,,,,Training
3b88ecfa9-9034-02cc-f563-91d4a726694a,28.0,175.2,264.35745,,drifting_longlines|set_longlines,Training
3c590c665-5422-1a2f-00de-260adab8495a,,,,,,Training
3c8f3eafe-e625-155b-92cd-5ff08fa8da50,,,,,non_fishing,Training
3c92166e6-61a3-bf56-02f4-034b9545501d,11.9,20.01,134.0,,pots_and_traps,Test
3ca9cb974-4698-c80a-c6cf-11e1119f3b28,,,,,,Training
3ce636fff-fe5f-b148-2608-6aea257c6480,25.9,84.0,184.73499999999999,,purse_seines|set_gillnets,Training
3cf18d3bb-b3f5-12aa-bf41-604d8c193ed4,,,,,drifting_longlines|set_longlines,Training
3d162bdbb-b067-c87e-94a0-bcdcccc88d96,25.9,84.0,184.73499999999999,,purse_seines|set_gillnets,Training
3d6e1f2e7-786f-5eef-45a8-2cb28cc15c43,,,,,,Training
3de517f31-1c99-2ed0-c82b-f1d7b578d757,,,,,,Training
3df453ef1-1d20-6b17-83cf-3f05d9af42a1,,,,,,Training
3f824e2ac-c94a-8354-6616-80a982397411,18.4,62.0,216.0,,pots_and_traps,Training
3fb3d6428-800c-9fb5-7688-ae7ae18df522,24.985,106.28,328.0,,trawlers,Test
3fdefe39e-eb65-66f8-fc99-6c2942bb4c4d,,,,,,Training
4134a270c-cd79-6412-4812-7b58a57e0339,,,,,,Training
414b9ff44-4454-dba5-54d4-a772551f0d7a,,,,,trawlers,Test
41e7943ea-aadf-9bff-eb28-a534d7df5e8c,,,,,,Training
42bf6287b-b3fd-0067-247d-9a0a89ecc757,,,,,,Training
42e74f824-4972-fcd0-eac6-97be17854702,,,,,,Training
42e954fb9-962b-e88d-af65-e77fa17d393e,21.1,180.0,272.0,4.0,set_longlines|drifting_longlines,Training
43062e4b0-0a56-ffe4-cbbe-cc47bb21aa69,15.9,33.0,280.0,,purse_seines,Training
44ce27104-4891-5ff2-6b1a-86a1df3723cc,,,,,,Training
44e7598a8-8bc5-800f-401b-6b04e9a7aa00,35.0,249.0,,,set_longlines|drifting_longlines,Training
44ed132b8-8d8a-c8a6-77ea-e26674caf4bd,,,,,,Training
454dd0432-260a-1735-37a8-61fe3248b6a9,,,,,,Training
45bb8a052-2c05-a92a-f972-86dbaf8e4d0d,,,,,,Training
45db0ed73-3383-2573-3fa5-20cecb5777c4,,,,,,Training
462638b3f-fbeb-1452-8933-3ad95d0fdf66,30.5,252.0,604.6461,,set_gillnets,Training
4673e1547-71a1-f3d8-1307-81c0808f1a6a,,,,,,Training
4683fcd8d-d9c6-c5b6-c0c6-4727821fba91,,,,,,Training
473afb04a-a3cd-a640-3d25-3cda22b83786,,,,,,Training
484936bf5-5036-fbc9-83f9-d45992d308d4,44.275,655.0,,,purse_seines,Training
488709fd1-1661-09ba-5054-cb5432c6c9f0,,,,,,Training
48bffd75a-a325-7b60-f291-4b5877422a3e,21.08,67.0,220.0,,set_gillnets|trawlers,Training
4a34fe9d8-8dd9-0d82-35b1-e050bc1b89a8,,,,,,Training
4a3c72028-8c07-4f47-4947-439cbe6833da,,,,,,Training
4b2dd9fa3-307b-adae-63db-db7841904df2,36.165,427.0,406.2742,,drifting_longlines|set_longlines,Training
4b9f911d6-6de1-6921-df11-e77d86249595,,,,,,Training
4ba085a4a-ae59-e463-46bc-1df10ff27aca,69.445,1633.0,2685.6,,tuna_purse_seines,Training
4be91e0d0-0a12-5cd5-d515-cd5cbeaa7bc5,,,,,,Training
4c1811fb5-5339-2d2b-79d7-5a5cfeb49855,,,,,,Training
4c1df03d4-4713-df86-7e85-c7b7ae2d5017,,,,,,Training
4d2ab28ce-e836-443c-6098-f2eb3aa9d528,58.295,499.0,735.0,25.0,set_longlines|drifting_longlines,Training
4d60e46e0-00fb-bdd9-e57d-c6f37923a2dd,14.98,27.0,221.0,,driftnets|set_gillnets,Training
4dd9cd7a5-5ea5-d46d-fa96-22e0f573ff0f,,,,,,Training
4e9fdef19-9b50-8fca-5f12-213b26c3507f,,,,,,Training
4ed4cbf8c-caa3-abea-6a7a-5d20ea78517e,,,,,,Training
5072fb9fd-d23d-6efb-4def-042e36b6539e,25.2,164.0,257.575825,,drifting_longlines|set_longlines|pole_and_line,Training
50d51cb49-905b-a5ea-1471-b2087d101c75,,,,,,Training
50e33cdfd-d75f-c604-336f-fc8f949e4239,,,,,,Training
50fe1d8ca-aa11-4f1e-5801-22211067b446,25.45,112.0,221.0,,trawlers,Test
5143c4566-69b0-ec13-a306-504a04089d02,,,,,,Training
51a33e87b-bf1d-3315-6019-d63a906e7f76,,,,,,Training
5234f9e06-6a6c-ded9-044f-12bb47b64c1b,,,,,,Training
523ce448b-b657-7cdb-247e-3330a934842c,,,,,,Training
529a1a718-8167-7cf4-01be-af659821ad70,,,,,,Training
52dce8f15-5afe-d6ea-de8d-8aa5c24fc299,,,,,fishing,Training
536485b5e-ecbb-9a5c-f1bc-40b2c0f90977,,,,,,Training
53f57c496-6b95-f2e8-a559-520b04d9e83b,52.175,498.0,1558.9,26.5,drifting_longlines,Test
54273ade7-7224-d403-0dec-aaf8e733282c,24.475,79.0,447.6,15.0,drifting_longlines|set_longlines,Training
54bbe466f-f9f6-065d-1b97-09b509475d76,26.0,87.0,221.68333333333334,,pots_and_traps,Training
568bd54d2-2bf4-94e7-d10c-948eb9aaf12c,,,,,,Training
572cd91b7-728a-4b9f-a2cb-9fd222d57cc7,,,,,,Training
57799dc9a-a385-ad3b-ee2b-2c6c3e215bce,,,,,,Training
57972374e-eeed-692b-5c21-4fed20ac637d,50.57,439.0,693.585875,25.0,set_longlines|drifting_longlines,Training
5847cb892-2793-6378-a88a-018eef31e4a2,49.23,409.0,735.0,24.0,set_longlines|drifting_longlines,Training
585664a78-8eec-adf1-804f-124dd728a305,,,,,,Training
58b401aad-d7b9-a628-c1d0-455e7f370a44,,,,,,Training
58c1da396-6d6e-e1b7-11e7-ba9d7c2dc91b,78.315,1780.0,3091.0,,tuna_purse_seines,Test
59216de02-2597-afb1-3927-f27e03b2f8ee,,,,,,Training
596662e9d-da90-9311-0a39-ffb342ce34a8,,,,,,Training
597601534-4f37-9571-880a-58ab285c8788,,,,,drifting_longlines|set_longlines,Training
59904f8f9-93f1-360e-8e48-f220bed5e3e5,19.0,67.0,338.0,6.0,set_longlines|drifting_longlines,Training
59d296c0b-b682-67d8-09a7-3b7d4128b53d,,,,,,Training
59e6d9715-5e1b-67cc-afeb-d4a18689baae,52.33,427.0,888.6,26.0,drifting_longlines,Training
5a1f08e40-003f-5c74-1299-89bd297eacf6,,,,,,Training
5a87ec25b-b9ae-dd93-d173-96642fe45166,,,,,,Training
5aa80e68e-eb68-9b84-17ce-8c0cf211ecc9,,,,,,Training
5ad7ead09-9564-fd31-ae65-86c0b71c5b36,76.75,760.0,2942.0,27.0,tuna_purse_seines,Training
5afbb9551-1859-9058-4b12-b6079c18d138,16.98,51.99600000000001,294.0,,drifting_longlines|pole_and_line,Training
5b2765aed-ddc5-8b90-c53d-a0a250627b61,,,,,,Training
5b559a847-7711-4056-9a19-8685a212911a,49.56,651.0,,,purse_seines,Training
5b9b412f8-8849-4441-7226-cd2ebbf3097e,65.1,1253.0,1324.0,,squid_jigger,Test
5ba0d5017-7167-a939-1aae-6d771dd75232,,,,,,Training
5c0ca860a-ad3d-f6b3-5b39-c214bb5aab4d,24.875,147.0,319.589525,,set_gillnets|set_longlines|pole_and_line|drifting_longlines,Training
5c2bdfe15-5ea8-e8ce-46d4-8f9c26f50d7d,24.5,65.0,484.9,15.0,set_longlines|drifting_longlines,Training
5c5fd6c81-18fe-73bc-6114-3600ff235db8,,,,,,Training
5c663c7cd-d602-36d5-8b8b-aa78e8106aad,29.0,163.0,351.0,6.0,drifting_longlines|set_longlines,Training
5ca19103c-c6fc-e156-fb2e-119a1f3eff34,32.0,294.0,443.3666666666667,,drifting_longlines|set_longlines,Training
5ce50b0c3-3ac0-7bd5-4aba-e4d13419ea16,23.7,99.8,700.6804999999998,15.0,drifting_longlines,Training
5d2efec94-4334-27e3-5c90-a44a5767db9c,17.87,30.0,220.6,,purse_seines,Training
5ea0c11cd-d16d-2e60-2acb-4ee08b94786a,,,,,non_fishing,Training
5f491367c-c013-d521-93a3-c9d292caa9fa,,,,,,Training
60a2eb16d-db0b-cea5-96d9-bec8418ae7b3,,,,,,Training
60edf50b6-61df-db7f-8c18-afbad5873180,53.3,739.0,382.2,24.0,drifting_longlines|set_longlines,Training
610b96478-8910-f116-463f-835d953f73b3,,,,,,Training
622338c1f-fcd9-f3c1-c414-bcbce680e363,,,,,,Training
62aaa81b7-7861-a60f-ac34-4944128e502d,,,,,,Training
62d99f862-256f-6b96-53e5-80630ddbc296,,,,,,Training
62f0e4256-6502-638f-a44a-00f5c4fe2c18,,,,,,Training
6316a157c-c375-6953-4eba-4012e831eeb8,52.5,1315.0,,,drifting_longlines|set_longlines,Training
63753239e-e540-fdf1-9add-7f4b4fac30f2,,,,,,Training
643d290c5-517b-d1e6-c962-1e3e4c2dc9fc,42.075,458.5,734.0,,set_gillnets,Training
64918d055-580d-6125-90e0-f47ab1da0c7c,18.0,67.0,338.0,6.0,set_longlines|drifting_longlines,Training
64b40ecb1-18ad-e893-5f0d-0fe1236e7e79,20.09111111,83.82222222333333,,,set_longlines|drifting_longlines|pole_and_line,Training
64bcc801c-c1a7-68f9-6ab0-ae6058e8eb87,,,,,,Training
658c42a9b-b188-2cc8-68e3-68fd0aee21ae,,,,,,Training
670b31b30-0f38-c70d-71dd-5b2ae0f066eb,,,,,,Training
67115c512-26de-b34b-acdf-482007ec9492,54.8,499.0,735.0,25.0,set_longlines|drifting_longlines,Training
676e4b38a-af77-ecbf-c6c4-6e04759b547c,,,,,,Training
677b53713-3cd2-1777-e0da-78f21aff8e7e,,,,,,Training
67d455f0d-d01d-0f36-127b-573fe1eefca7,,,,,,Training
681d6f0ce-ebda-50e2-702d-493256afac8b,17.24,41.0,221.0,,trawlers,Training
688443e64-4314-45ae-4443-27c112083856,,,,,,Training
698a4d27a-a67b-eb0d-0674-01f812e5c91f,17.34756098,21.045,47.0,,pole_and_line,Training
69c1f146f-f41d-9b18-e412-966fc5abc570,,,,,,Training
69f1aff31-12cd-b84c-377f-263a25fac35d,47.16463415,993.0,329.0,,cargo|trawlers,Training
6a18d7d7d-db79-29b6-b7b3-688edeaef9c2,,,,,,Training
6a9357b86-60e0-87f0-e722-669dd58bd069,51.760000000000005,416.0,888.6,25.0,drifting_longlines,Test
6b26bb79c-c7c9-76ea-bc63-2450303cb77e,,,,,,Training
6b6a1e265-5414-d9f2-950b-1030b5f52c3a,,,,,,Training
6bcc67d6c-cda5-9f4e-cb43-59b98f5f9439,,,,,,Training
6c072d2e5-58bd-ef77-64b4-82943f960206,,,,,,Training
6c8838dbe-e033-01cc-b4e0-628123feae06,,,,,,Training
6ce2521a2-2e05-0bd6-89e4-ef610bb13180,25.0,89.0,310.3546666666667,,set_longlines|pole_and_line,Training
6cf25a6c5-53e3-fab6-8f5c-495cf30a4cbd,84.1,2502.0,62521.29600000001,27.0,tuna_purse_seines,Training
6d138d6e4-4078-807a-6670-21625bc494de,29.2,99.0,769.872,16.5,drifting_longlines,Test
6d5a94b1c-c739-aceb-b19d-f9e32685dce5,,,,,drifting_longlines|set_longlines,Training
6d8ec23ec-c87d-01b7-12df-1e3228d0fd0b,,,,,,Training
6df800f60-0238-e22d-3529-6d9af7f10350,50.6,439.0,735.0,25.0,set_longlines|drifting_longlines,Training
6e6ba3b62-2f1e-5ac7-dc59-9f5a5489071a,,,,,,Training
6ea16e47c-c54d-a1ab-6e5c-86d96974f070,,,,,,Training
6ee120ee0-05d5-8746-2766-3c1768edd1b9,16.52,43.0,228.0,,trawlers,Test
6f6877040-0fa1-62d9-9785-b78081226e60,,,,,,Training
6f6c41c53-396d-3c6a-5d2f-8b817fcd7bba,,,,,,Training
6f7eb3e75-5a18-ca4a-ce42-2568f7da19b0,,,,,trawlers,Training
7021ddf98-87a4-ff07-eb15-38b1b181f129,,,,,,Training
70a3ff9ca-ab64-12b2-6446-34cdf14000c6,,,,,,Training
70a7588cb-b99f-7c61-01f3-d9d8cab85440,51.376666666666665,644.0,888.6,26.0,drifting_longlines,Test
70aa978b8-8945-4489-5fd1-f68f8d3b4062,24.2,69.25,242.74,,purse_seines,Training
70abdc327-7719-f298-5b2f-b557b92fce62,,,,,,Training
70b9e8e49-9f65-e17e-8944-3c62b42d15b1,49.995000000000005,439.0,735.0,25.0,set_longlines|drifting_longlines,Training
710b9fdf9-9545-fe03-533d-11860e524897,,,,,,Training
71723badc-c875-510d-8333-d5a045f815b0,57.5,950.0,1067.5,,squid_jigger,Training
72328ec89-9f20-ad7c-481a-552a59d31dba,44.9,586.0,882.0,,squid_jigger,Training
7261fcb5b-b124-025c-edc5-b3e9d936870c,,,,,,Training
7277c1f7d-d326-17fe-4ffe-bca8ce79c2a6,31.55,273.0,744.865,18.0,drifting_longlines,Test
733af79e7-7a8c-da78-5b54-2f5b86e5d4d4,20.65,36.0,205.82,,purse_seines,Training
7409c55aa-a4f0-a2bb-656a-ee1f553a7d8d,61.435,874.0,2002.2045,,tuna_purse_seines,Training
74f88f888-8a5b-4092-a4d4-bb6edced9efc,49.2,437.0,735.278,28.0,drifting_longlines,Test
757327d69-93c1-3c17-a03f-dca9688db5ff,,,,,,Training
75745a6fd-d0c4-fae6-cb91-35e9b784f6d6,,,,,,Training
75cec8b9b-bbb3-a3ea-229f-8066e78540a2,55.475,768.0,,,tuna_purse_seines,Test
75e677e11-1182-4dfe-9d10-d303cbdfc366,,,,,,Training
777af703e-e96e-8f4c-f2f5-4c7b18bc5fcb,,,,,,Training
77986a187-78df-b0a5-8a95-5a026ca72da9,11.96,15.84,206.0,,pole_and_line,Test
7839bb553-389f-1426-b790-4e1e8b8dd800,,,,,,Training
786e0d02e-e372-921b-1229-3b165fb47c9d,23.5,85.0,484.9,15.0,drifting_longlines|set_longlines,Training
78d72de33-32a9-f0f8-5afb-c313059f92bb,,,,,,Training
7918226d9-96bd-5ffd-1c51-4bf8c7ed3e82,,,,,,Training
79283e3bf-f196-6acb-3d09-d592f7dc6dd9,20.1,75.0,331.0,,trawlers,Test
793e15eaf-f31a-39c0-340b-690a4f1d873a,,,,,,Training
797916f61-1a07-b21d-8229-9a69a66ddac1,62.23,1943.0,1323.0,,trawlers,Test
79d04e4e8-82b5-541d-cf52-22f8502a0c1a,,,,,,Training
7a1df9bf3-3ff2-d915-3aa5-af393c89b8fc,,,,,squid_jigger,Training
7a89ac015-500b-2c4a-8c30-7eb872f10cf4,25.11,78.0,172.8223375,,purse_seines,Training
7ae768ddd-d516-88e7-1016-7f107d34bda7,65.8,973.0,1342.0,,squid_jigger,Test
7b3f57fbe-e821-f69a-bcd4-5c72ee8cb257,,,,,,Training
7b4b3564b-b033-2aeb-7c1b-cfef57218c6c,,,,,,Training
7babfadf7-7d28-29ad-c321-c2d2033780e7,,,,,,Training
7c35b4316-6d00-1878-6e2d-93d14c8ec757,25.0,89.0,310.3546666666667,,set_longlines|pole_and_line,Training
7c8dd4a43-3a3c-c6ee-7944-1af0ab496ae6,,,,,fishing,Training
7d0f917c1-1245-497a-4a55-17b24f84d439,27.2,99.0,746.0,15.0,drifting_longlines,Test
7df3da81d-d24e-f6dd-1bc4-21a575d1d288,32.275,300.0,502.93240000000003,,set_longlines|drifting_longlines|pole_and_line,Training
7e19da23e-ed61-a318-41f3-346b9b41eee3,,,,,,Training
7e3f8eade-e5a3-90c1-ac40-fece97e12c21,53.5,651.0,,,drifting_longlines|set_longlines,Training
7e76c4e42-2c12-b6b2-2f12-1ed71dfee67c,,,,,,Training
7e921aec5-592e-41bd-c6e0-0dc75a7defaa,36.165,427.0,406.2742,,drifting_longlines|set_longlines,Training
7eb3eb7da-a2ec-7131-90aa-b06a50bd5546,,,,,,Training
7ef8fb008-8655-bbd8-2ed5-da924ba1b0bd,,,,,,Training
7f2a03b4a-a614-a9f4-922d-2f5e67b2a6e7,,,,,,Training
7f2e90b14-4d42-0520-3438-916f15246b45,,,,,,Training
7f2ff60d5-5f60-4ea2-da08-3d6f6a2cb0c1,,,,,,Training
7f5161572-2420-422e-f8ad-9adf038a09d4,23.8,98.93,701.24,20.0,set_longlines|drifting_longlines,Training
7f5858f7b-b988-3f97-751b-cf77e3f32a77,,,,,,Training
7f9aadd5a-ae45-97e1-47ed-952dd0c157d8,52.473333333333336,410.0,463.97099999999995,25.0,drifting_longlines|set_longlines,Training
8032f7f96-6733-dba5-5f6b-39533f07b0b2,,,,,drifting_longlines|set_longlines,Training
803b0ff62-2bc2-0679-3f12-869f7a645457,,,,,,Training
807305a1d-d36d-11e2-2655-c5ec26edac49,37.5,465.0,,,drifting_longlines,Training
80c008d42-217f-2567-3fc4-53e25df405d6,32.7,207.0,618.0,,drifting_longlines,Training
80d4d1aca-a484-6b8b-1e8c-2d9b0fd0ce4c,50.59,655.0,735.0,25.0,set_longlines|drifting_longlines,Training
80f40f737-7dae-a1dc-bebc-9bc5c73d9766,31.02,148.0,432.0,,set_gillnets,Test
8150eab12-2b88-d7ec-12dc-6b91937cd977,,,,,,Training
8185e01ce-e9b9-c27d-3546-0d7e5eac4cbc,19.11585366,62.641666666666666,58.0,,trollers,Training
820e6fd3b-b9fb-9068-0100-199f4b15a28b,,,,,,Training
821412ee6-6b20-dd21-0647-ac5146b16a77,25.0,75.0,559.5,17.0,set_longlines|drifting_longlines,Training
82487b45d-d98b-309e-f2b2-86888d551453,26.21,147.0,,,fishing,Training
82cb3e137-7ecf-8516-7d46-56bce7dbabb8,,,,,,Training
82e90a7e5-54de-db97-585d-688dee293b2d,47.7,699.0,756.5396,,set_longlines|drifting_longlines,Training
831453895-53f3-541e-ad82-f260403030e1,,,,,,Training
834805253-3104-0760-ffac-a9b602775ac5,18.4,62.0,216.0,,pots_and_traps,Test
8458f185b-b38a-466c-b9fa-622c7981e3c6,23.0,65.0,188.43116666666666,,set_longlines,Test
8544f5788-84f3-d7d5-247a-b7e950b47ffa,23.22,57.0,447.6,10.0,drifting_longlines,Test
854d51a99-977a-81c8-3abe-07f5185826b0,38.3,262.0,711.0060000000001,,purse_seines,Training
8570226e2-29d8-a212-f432-35bcf0cda1df,,,,,,Training
8578b6b2f-f721-50e9-2807-fe728e733a97,,,,,,Training
858f93bc6-6296-e475-849a-45c586880231,,,,,,Training
859112d96-629b-4733-0283-3dbc0b73b17f,,,,,,Training
861071536-6c0e-3a5f-d903-27bead459710,,,,,,Training
867540d54-4b43-57ac-eaa6-93bb1de75205,20.6,65.0,147.79,,drifting_longlines|pole_and_line,Training
87c774e5e-e52a-04d8-f0ed-10f81d6e69d8,32.0,283.0,369.4733333333333,,drifting_longlines|set_longlines,Training
883c5ced3-3a14-6d47-093b-092b61fb0b9f,19.473333333333333,52.17,298.4,,drifting_longlines|set_longlines|reefer|fish_tender,Training
884594a1a-a617-fc21-9f34-b5c3c5e54d32,,,,,,Training
886fecd1c-c301-eaf1-4716-e7398ab50ca4,37.46,270.0,735.0,,trawlers,Test
88b69e6b1-17a6-b2e4-b21f-474f7c4bac23,49.9,411.0,894.0,25.0,drifting_longlines|set_longlines,Training
88d486a40-0214-1e40-1ea7-c7cd8d68474b,,,,,,Training
88d8a1194-44e0-9406-0095-756b9c0269b0,,,,,trawlers,Test
88eacaa13-3f28-ac26-88d8-b597ae46a9b5,62.17,1096.5,2684.52,,tuna_purse_seines,Test
89a61ff3e-e171-43e5-b731-95cf60872d5e,,,,,,Training
8abe7d2d5-5fa3-af28-e170-af1db213672c,,,,,,Training
8b8d0ec9d-d400-c28e-5aea-ab4284478265,16.0,52.0,242.0,6.0,drifting_longlines|set_longlines,Training
8bf6155f6-6292-7ad5-b5c2-9649e3594313,21.0,97.0,331.0,6.0,set_longlines|drifting_longlines,Training
8ccd50ec0-0bf4-8788-2cb4-021af8b64647,,,,,,Training
8cfba16b9-923a-36ed-7b13-4f248a7b63f6,,,,,,Training
8d07ae75c-c4f8-6816-c38c-0775b7dfe104,29.0,236.0,306.0427,,drifting_longlines|set_longlines|pole_and_line,Training
8d217c476-67d5-69b0-bcfa-0b99010d3e40,,,,,,Training
8dd271068-83d6-3081-06c0-dd20bc191049,49.394999999999996,379.0,698.0,23.0,set_longlines|drifting_longlines,Training
8dd4e20ff-f3fb-ea0a-56f8-af4a18ec0a6a,21.9,49.0,298.4,,purse_seines|pole_and_line|set_gillnets|set_longlines|drifting_longlines,Training
8df1defc2-20ce-9172-2a54-22eec51ff0ea,,,,,,Training
8e845eef0-063a-cd4c-64da-af4f145b737d,73.53333333333333,1835.0,1492.0,,tuna_purse_seines,Test
8e953a5ef-f6cf-142c-f88c-305614bfdb30,30.0,286.0,517.26,,drifting_longlines|set_longlines|pole_and_line,Training
909a0e09d-de8e-aa0c-5fca-cfe7ea154979,,,,,,Training
90b0a629e-e660-9470-7e35-a946a7587552,20.0,97.0,353.0,6.0,set_longlines|drifting_longlines,Training
90ca9c644-4fea-94da-2033-063318014557,,,,,,Training
917a76c34-44f8-c8a3-0f04-3b21d112c23d,,,,,,Training
92087d930-0a44-dc4e-acb7-b6cf1afe1a3d,,,,,,Training
928fe6ffc-c491-59cf-a2c1-1e2c99c38eb2,64.5,1661.0,1471.0,,trawlers,Training
92e176c8d-d1fc-2136-4a15-e59280f09e6f,72.62,998.0,1838.0,,squid_jigger,Training
92e78980b-b2e2-7b8d-cde1-83931d4d3529,,,,,,Training
93e4213ee-edde-636e-1fb3-ab62bc8095c9,51.5732,664.0,1038.04,25.0,drifting_longlines|set_longlines,Training
94233953e-efb2-ce70-4f28-9a17f3d2d8af,37.46,270.0,735.0,,trawlers,Training
947f42d0b-b272-fcc9-a54e-bfe3076fdeee,28.0,214.02,301.57,,trawlers,Training
94d6d36f0-0a24-2011-1a17-becf829d8e20,,,,,drifting_longlines|set_longlines,Training
965669015-5972-37c7-451e-efa9a71dde04,,,,,,Training
96a00b53e-e64b-dcce-70e9-75535b818b84,,,,,,Training
970ee82ee-e541-09cb-1557-da90ad56c858,,,,,reefer,Training
97433dd21-17bf-5642-4d4e-bf2ec3f99735,16.38,20.92,29.42,,set_gillnets,Training
97e3c78ff-f3db-5444-2905-d929ab7ffcdb,29.0,136.0,351.0,6.0,set_longlines|drifting_longlines,Training
97f2e64b5-5933-81d5-d012-27af36341e45,,,,,,Training
9808191af-f24b-ff16-d982-647dcc66ffed,,,,,,Training
98343100e-e81f-3f74-20e7-941b30ea11d2,46.5,496.0,1059.1333333333334,26.0,drifting_longlines|set_longlines,Training
983e6840e-e80c-e3e0-1d39-d263ef508090,,,,,,Training
98d45ad9d-d73f-8a64-4b76-d1b9c272c274,27.75,98.0,709.7443999999999,16.0,drifting_longlines|set_longlines,Training
9938635c8-8871-e092-164e-1fa0d46bb5f1,,,,,,Training
996442b8b-bee8-8f97-b56d-7f9200cc7668,51.553333333333335,442.0,888.6,26.0,drifting_longlines,Training
998b1a747-7e08-e9e9-f555-facddac96971,,,,,,Training
9a32cc1af-fe6a-2a19-26db-1c80599492a2,47.7,699.0,756.5396,,set_longlines|drifting_longlines,Training
9a9b72c4f-f07e-a0c8-9381-3bf9e2c04cdb,,,,,,Training
9ad505949-9bc0-74a7-32a6-5f369c0bcb8f,56.97,516.0,1471.0,68.0,fishing,Training
9ad9ae206-6ccd-6ab5-bfc1-c15e0ec5d9e0,11.925,15.83,196.0,,pots_and_traps,Training
9b3a0a8b3-32c8-7619-e02d-ace00ae15c7b,50.985,439.0,1176.0,22.0,set_longlines|drifting_longlines,Training
9b4b357cc-c8ac-636f-311e-e28e1b5dd9f7,49.9,409.0,741.8359999999999,25.0,set_longlines|drifting_longlines,Training
9b6fcf78c-ca5f-00b6-bbef-9e15828f6312,31.55,273.0,744.865,18.0,drifting_longlines,Test
9bf7bf9bd-df65-9e08-c4ca-e12075740d5e,,,,,,Training
9c10a7316-66d7-943f-7dd2-7a7361f37836,,,,,,Training
9cf1ce4a7-7f90-9846-f873-7e235cc45a49,18.75,38.88,198.29000000000002,,pole_and_line,Training
9cf70a931-1237-ba03-bbf8-363d1b40ee83,71.79,1428.0,2666.8008,40.0,tuna_purse_seines,Test
9d06b6b17-70b5-cc1a-7b97-758d40cdf384,,,,,,Training
9d18efc23-3554-3813-7768-5d0fed53aa1a,49.56,651.0,,,purse_seines,Training
9d26b76b9-9540-d010-13db-3dcfd3e129ec,,,,,,Training
9dd27f3a5-50b1-967c-f769-5bbc1ba4440d,,,,,,Training
9df507b7f-f0cc-75c3-d9ad-da7d9ac48fa7,49.394999999999996,379.0,698.0,23.0,set_longlines|drifting_longlines,Training
9e61e7fc7-77cc-7253-b179-2937cf0a8bb0,,,,,,Training
9fd4f6a7f-fe3c-4426-ad34-d571c2685b6b,,,,,,Training
a000865fd-da3c-ef9d-f3e1-ff5495594001,,,,,,Training
a018a89c7-7254-1143-2c64-be0ba1b82ce2,46.5,1079.0,862.75,20.0,set_longlines,Test
a04fb7068-829a-69a5-1304-885a531cc30f,46.45,681.0,941.6833333333333,23.0,set_longlines|drifting_longlines,Training
a07e1148d-db3e-a706-ee58-940da680e6c4,28.0,169.0,263.80163333333337,,drifting_longlines|set_longlines,Training
a09e8c3aa-a3fd-2c88-ec73-099525ba3f14,,,,,,Training
a0c310768-87bb-81e3-b1c0-520e03f700d8,,,,,,Training
a10db3f95-5947-5c66-5d84-2262bcc993d9,,,,,,Training
a21f56625-5faf-47c2-3980-faf775d11dd5,,,,,,Training
a279d1e2a-a18f-02c3-6f90-4892b0cae7b5,,,,,,Training
a2b7c51b1-1baa-5d27-9aab-e61406bc772f,,,,,,Training
a36ee1fa8-8fa0-6a18-a7b0-fa4e3e2c4171,,,,,,Training
a3bff9278-84a5-4c65-f1e2-48dfb528a258,,,,,,Training
a3fb085fd-d3c2-7daf-437b-35764c85b8d2,,,,,,Training
a41d61cfe-eb4d-a9e8-982d-baf61417a7b1,,,,,,Training
a4dec7178-8b0e-cd07-ee00-f71426dd9d6f,68.81789473683334,1152.0,2296.0,29.0,tuna_purse_seines,Training
a4e9eb683-3fd1-c8fc-7eae-666c5d23a3de,,,,,,Training
a56adf3e8-8d11-3ab3-2813-2c0ae21bfa04,,,,,,Training
a5ef8a857-76b4-9df6-f272-4eceff0c4e78,,,,,,Training
a6277e1a0-0228-4e9b-ffc7-3f17a839a404,47.015,409.0,741.8359999999999,25.0,drifting_longlines|set_longlines,Training
a639e6628-8b85-4dc0-8459-d37914919faa,40.3,399.0,369.0495,,set_longlines|drifting_longlines|pole_and_line,Training
a6b52b095-55ec-b2cd-c8f7-6e16dcc7ba5f,,,,,,Training
a6c41b2f6-6f1e-1f1f-cce0-1b8ec05c6e98,37.5,393.0,593.7866666666667,19.0,set_longlines|drifting_longlines,Training
a6e1f35d1-1e9f-39bd-c9df-fef6062c9961,55.475,768.0,,,tuna_purse_seines,Test
a6f4d7efa-a0c3-6977-0700-f4db7b7c4bfb,,,,,,Training
a706b5108-8b43-4b47-f729-61c392ec493f,,,,,,Training
a71aa65a0-045f-f69c-b5a5-9ede79bd59ad,,,,,,Training
a79415146-604a-03e9-46f4-51207f186e35,,,,,,Training
a7ee37d2b-b0e3-0911-6b8f-e93554e68dc5,,,,,,Training
a858489e6-6486-0b15-61b5-f718878ecc4f,51.4,499.0,741.8359999999999,24.0,set_longlines|drifting_longlines,Training
a85f934be-e457-1e54-366d-0c5e3a344504,14.98,27.0,221.0,,driftnets|set_gillnets,Training
a87708db1-12b8-baf7-3dd3-984915138dfc,,,,,,Training
aa73d90c5-560d-93f1-a7ae-382705d68082,61.14,989.0,1470.0,,squid_jigger,Test
aa81311f3-3a37-e112-9f89-4a464a17a2a3,,,,,,Training
aacbd2917-7f10-db97-480e-5d662d67b00b,,,,,,Training
ab60c52cf-f3f0-d640-4996-b8af0109e661,,,,,,Training
ab6e1a9be-ea57-c414-74a8-5024cb8fe2aa,,,,,,Training
ab8000ea9-9415-79c8-faa8-8635476f5205,,,,,,Training
abb4ec1a5-5a60-61e9-d551-cc1045eb2c16,,,,,,Training
abd4628e0-0ecc-142e-cbca-9aedbe3177d1,52.33,427.0,888.6,26.0,drifting_longlines,Training
abddcc503-3aaa-db54-fb57-799bd3648a12,9.635,5.1,59.0,,set_gillnets|set_longlines,Training
ad6d0427e-e3ba-1594-ef4a-094a46827120,8.25,3.62,69.85,,trollers,Test
ad7789dea-ab32-3c05-9805-e9d4d8fd7f3e,,,,,,Training
addab5e8e-e673-f206-82eb-8e42360ddc28,32.0,283.0,369.4733333333333,,drifting_longlines|set_longlines,Training
ae0f1ef1d-d42e-1a70-ea8f-70b098bac5c9,,,,,,Training
ae2b07e50-0cb1-8775-956b-79f637d72591,26.8,133.0,633.0,,trawlers,Training
ae4f7d576-6012-064c-8935-cad8f6cf4c62,,,,,,Training
ae92f3546-6b9f-bdc1-258b-327d9838fca0,,,,,,Training
aefd53d80-02c2-1500-7121-66916681cc0f,,,,,,Training
af2e184b7-79cd-63e0-f1e1-06127e50637e,28.0,169.0,263.80163333333337,,drifting_longlines|set_longlines,Training
af570432c-cdf6-a3ba-87c0-b2ee72af8813,17.1,31.0,169.18,,purse_seines,Training
af5d56133-34c9-271f-6d6b-b86c0db215a3,38.3,262.0,711.0060000000001,,purse_seines,Training
b05046169-986f-88c8-e19d-49f314c81a70,55.16,741.0,,,drifting_longlines|set_longlines,Training
b0731c492-2e3b-fec4-e904-ebe1da33b22c,41.511142858,578.0,773.9607500000001,,set_longlines|drifting_longlines|pole_and_line,Training
b0aa0ea6d-d2a3-0df9-1e53-141270e03817,,,,,,Training
b0fb3945e-ece9-4b10-3b52-fa2af1d60269,56.54666666666667,726.0,1182.4965333333332,25.0,drifting_longlines,Training
b318bdd5c-c4fa-dba6-8933-56eec79e7a98,,,,,fishing,Training
b3c6ce961-17bf-d988-aa5a-7ac4240e2e2a,51.959999999999994,410.0,888.6,25.0,drifting_longlines|set_longlines,Training
b4070075d-d24c-66ff-2725-373e701faaaf,,,,,,Training
b4483823f-fadd-bd00-07d2-b7dd71dbf8d7,,,,,,Training
b4db9d001-1acb-f11a-e1dc-711e9a97a6a6,,,,,,Training
b4decf785-5ce3-d73f-2f9e-810d45f2fac9,20.65,36.0,205.82,,purse_seines,Training
b5392738a-ad5c-4712-8aeb-5da1e30c509d,,,,,,Training
b5721b1eb-b98d-abad-9a10-b0ae72eaf898,21.0,93.0,353.0,6.0,set_longlines|drifting_longlines,Training
b58dccf31-10a8-bdfa-1419-10a11c021170,20.4,103.0,360.0,,trawlers,Test
b5dfe4204-4d04-aa14-1e83-509affe1f3c6,105.0,7805.0,5888.0,,trawlers,Test
b5e518c31-1131-e4bd-f6b1-af35e0dab592,27.6,206.0,252.35866666666666,,trawlers,Training
b658a2c96-6c3c-8f93-427b-1b0a71ea46e7,,,,,,Training
b6ad6c3b4-4662-a487-9443-e6ac76bd5e5c,,,,,fishing,Training
b6f65f0ef-fc3f-aeae-dcd0-938edc9799cc,22.75,156.3,280.0,,set_gillnets,Test
b6f7d4852-2f99-9d48-19ea-ee365a91103b,,,,,,Training
b70ada36c-c3f8-3a2c-aa05-2acba8736a7e,,,,,,Training
b7878158b-b7a7-0d7f-d891-9c937dbbe1ad,27.7,159.0,411.8,,trawlers,Training
b7d68e6e6-68e5-c16d-09af-477d427b2ee6,,,,,,Training
b7e93890b-b3ef-e75b-ab33-63d613996c3d,,,,,,Training
b7f036933-3bbf-1bc1-0ac8-be26ae874757,37.5,465.0,,,drifting_longlines,Test
b874a3dfe-e3ab-bf70-39de-61e55596d447,51.4,499.0,735.0,24.0,drifting_longlines|set_longlines,Training
b87a9d6cc-ca93-d2e5-21d3-80c2818141fd,,,,,,Training
b8de3c8e8-84f0-ba2f-528c-ff877e2d0e9e,52.25333333333334,499.0,589.3965,25.0,drifting_longlines,Test
b90a3fec2-263a-a417-aa8a-9cc3e15bc7d4,,,,,fishing,Training
b912969bd-de98-1451-7222-c3bc0000856b,25.45,112.0,386.0,,trawlers,Test
b94115d0e-ebf7-6480-cb4f-e2aac15c493e,,,,,,Training
b970e8d5d-d94f-026a-6e20-5e2dffe77581,,,,,,Training
b973b409b-b9b8-0a9c-6bf2-3cc2b0aa692a,21.0,93.0,331.0,6.0,set_longlines|drifting_longlines,Training
b9d13e847-791e-3c05-bc52-41695efb63a9,,,,,fishing,Training
b9e733178-8c28-9544-00d4-275a5b0abf90,13.1,19.85,155.0,,drifting_longlines,Test
ba5c6865e-e9d5-4afa-8889-e973ceadb282,,,,,,Training
baf1e9589-9e15-a6a6-b8e3-23d0f793ea92,,,,,,Training
bb2185f02-27dd-4c03-11e9-a9a276734585,29.42,144.0,415.6354666666668,,purse_seines,Training
bb3b13e59-9a06-2ee3-ee10-4d6f8c56168b,21.6,54.19,269.7135,,purse_seines,Training
bb4f79343-353c-5e60-8455-70b071bd6bac,,,,,,Training
bb9367868-80cc-ce24-f707-1abc858ffbdf,,,,,,Training
bb9751446-6017-074e-9e55-e79efdec9ef0,74.55,998.0,1838.0,,squid_jigger,Test
bc427dae4-415a-8334-91d7-7044c5f7f66a,20.6,65.0,147.79,,drifting_longlines|pole_and_line,Training
bcf915fe2-2da8-f3b7-ee4f-097730a9a5dd,88.24,2610.0,3240.0,,trawlers,Training
bd4ac7109-9912-a55b-5814-c3b152cf83f9,,,,,,Training
bd58faa68-8509-b274-c5d3-9a0e933c5213,59.86,1365.0,,,purse_seines,Training
bd8e0e2cc-cb85-9b72-b83d-8089b04092d8,,,,,,Training
bde3f0b31-132a-0a72-154e-67b85b9081fb,,,,,,Training
be6de55cd-db9e-5590-8af9-611f70eec3cb,,,,,,Training
be7037e21-1914-1ea9-3ac5-0a285e62acce,40.3,399.0,369.0495,,set_longlines|drifting_longlines|pole_and_line,Training
be982fa28-8293-f107-43ce-797f1b2167ab,,,,,,Training
bf5451d87-7c76-554a-382b-4f513a7ea37a,51.4,499.0,735.0,25.0,drifting_longlines|set_longlines,Training
bf933c42d-d6a4-7b3f-5a8c-7ba57553d8c1,,,,,,Training
bfc517541-1eb0-ade1-4ed5-145af912d82b,,,,,,Training
bfc98d12f-fdd9-0c3c-f3a0-68d8e0891e2e,49.995000000000005,439.0,735.0,25.0,drifting_longlines|set_longlines,Training
c05e61960-0667-d1bc-f8ac-e6f718c7d4ce,16.08,55.3185,242.0,,drifting_longlines|set_longlines,Training
c0c07745c-caa9-2a15-9b87-0369708d0612,,,,,,Training
c0d3befba-a601-65d5-086e-3d641425c1db,49.470000000000006,733.0,895.2,25.0,drifting_longlines|set_longlines,Training
c1fa91e05-5de2-1618-4910-637a9ec9fb95,,,,,,Training
c202631d8-80bc-0a5f-a432-67efa4ef0a5d,,,,,,Training
c341a575b-b5f4-7781-5365-284ed101810d,37.3,222.0,,,drifting_longlines|set_longlines,Training
c38364801-10af-1d82-6005-60239024e880,53.3,582.0,888.6,25.0,drifting_longlines,Training
c3e45fbd0-085f-2634-d638-9ddbc3fadebe,,,,,,Training
c4a4162c0-0c99-22bc-b27a-46e19c7edea1,50.6,659.0,693.399375,25.0,drifting_longlines|set_longlines,Training
c61b6c69c-c5e2-8140-c7d6-5ced9a266824,51.39,424.0,888.6,26.0,drifting_longlines,Training
c63284159-9aa7-ab76-77fe-b4b45c7c32b8,,,,,,Training
c738cc011-1201-533b-dd65-0fe9ac26c22f,,,,,,Training
c73e83e2f-ff20-c691-5543-0b06d225cc8f,,,,,,Training
c79c142cc-c0c1-09d2-742b-33c80371d807,58.569875,973.0,2685.6,24.0,tuna_purse_seines,Training
c8b7e2919-9e17-ec51-218d-898ffdbe9ab2,,,,,,Training
c8d1ae803-341c-9d1e-5735-aa3674e72d2f,9.24,7.47,99.29,,pots_and_traps,Test
c9b8917b2-21e6-de27-bd19-d3b63b2ae1c6,,,,,,Training
cb6e2e390-0aa4-26f3-cde2-e8fb025abc25,,,,,,Training
cbf9f66c4-47a1-980f-527a-2013c72a190d,,,,,,Training
cc15fc5fb-bebe-2463-b9a9-b8e5fb0e7a84,20.4,103.0,360.0,,trawlers,Training
ce1732f4c-c1e3-0a03-8d8f-f459bb00bfd5,,,,,,Training
ce9df8ff8-8a40-9d57-c0cb-51bc2e2df986,20.0,50.0,147.61749999999998,,purse_seines|set_gillnets,Training
cf3fe30c5-5e50-6bc7-75ca-f19a5d65c7b9,30.33,195.0,558.0,,set_gillnets,Training
cf4577769-9e61-053b-cfcf-27242df5cc5c,40.3,399.0,369.0495,,set_longlines|drifting_longlines|pole_and_line,Training
d02a05daa-a82c-31e7-6362-3034747d4dac,,,,,,Training
d034651e0-066d-86bf-f969-cdeee3d4a318,,,,,,Training
d073561d6-69fb-b7ce-40f5-cef328b1d439,,,,,,Training
d1963e90b-b4fa-14e1-8e1e-a90d30eada0a,27.3,99.16499999999999,700.6804999999998,14.0,drifting_longlines|set_longlines,Training
d1b10002c-c86a-9894-919f-a9bb2fe99a33,25.45,117.36,220.65,,trawlers,Training
d3518a63b-b531-9c69-8b57-bb2e9d0f55e0,,,,,drifting_longlines|set_longlines,Training
d35d8f7f0-09f3-44d1-f15a-4f8141a78e77,,,,,,Training
d3e24cea5-544f-91c4-564a-e890f2895869,,,,,,Training
d4a6ea61b-bba7-a9a5-cbe9-e8fa29619951,,,,,fishing,Training
d4fc9b021-1522-9b02-289f-f5c883e35ab5,,,,,,Training
d51045d4f-f0b5-2e96-04e1-72a6f85e0ccb,,,,,,Training
d5540ee68-8265-6a88-f861-f59bc4abdc0b,73.53333333333333,1835.0,1492.0,,tuna_purse_seines,Training
d5773b9b4-4cb5-91dd-fe16-dd5007129edd,51.4,499.0,735.0,24.0,drifting_longlines|set_longlines,Training
d5b28e6fc-cf81-b145-2644-931ef9d3862f,55.475,768.0,,,tuna_purse_seines,Test
d5dba183b-b18d-952b-d83c-f775fd41f647,16.1,52.22,125.0,,pole_and_line,Training
d61364f6b-b6a8-4c6d-e251-8ad2c584b36a,,,,,,Training
d624e4454-45a3-38b6-7321-bd7bdf85e31c,65.75,1526.0,2647.5008,25.0,tuna_purse_seines,Test
d632e4ba1-1517-3aee-bc43-3845905ede5a,,,,,non_fishing,Training
d6a61f99e-e8f1-bf65-620e-7160d64290ac,,,,,,Training
d6d16dc0c-c151-52fd-4d8b-e562d7374910,,,,,,Training
d703a7d32-2b3a-fb34-8509-63944dee0ad9,26.0,87.0,221.68333333333334,,pots_and_traps,Training
d76f307f7-76a6-5d05-03ba-47ef905b9a23,25.23,68.0,110.0,,set_gillnets|set_longlines,Training
d80537098-8b52-1382-cc0c-81cba02329c0,,,,,,Training
dae1f89a4-4826-eb3d-4db8-2aaff5e241c3,25.5,117.36,220.65,,trawlers,Training
db06ebd32-23b0-091f-3724-48b2c337c0b3,,,,,,Training
dc3f954a1-1463-8ae3-be8b-64a59c386a18,54.0115625,479.0,694.5818,24.0,set_longlines|drifting_longlines,Training
dcdc9fab7-782c-fa91-1988-18718bc96f39,17.36,80.46333333333332,442.0,,drifting_longlines,Training
dcf65248a-a337-0f5c-28c5-dd6d78a90334,,,,,,Training
dde873fc8-81ca-c64a-8e20-28552a947667,,,,,,Training
de47a84ce-e2e2-7050-d184-0b2309412474,52.473333333333336,499.0,1323.0,25.0,set_longlines|drifting_longlines,Training
e02c342ff-f088-cb0b-916f-2cd67578cbb6,,,,,,Training
e0b4c059a-a21d-0513-e952-bf0a21dea75b,54.8,499.0,735.0,25.0,set_longlines|drifting_longlines,Training
e12f64b2c-cb2a-87c4-d6b0-a582108ae516,53.3,739.0,382.2,24.0,drifting_longlines|set_longlines,Training
e199ae6ee-e3eb-e948-696a-33d9dfaf69f1,51.22625,640.0,886.6224000000001,25.5,drifting_longlines,Test
e1c63df31-184b-e1d6-5719-23552a46e6a9,40.3,399.0,651.2701199999999,,set_longlines|drifting_longlines|pole_and_line,Training
e276a505c-c283-056d-a170-86cd34b431dc,,,,,,Training
e339a317b-b85e-32ef-9431-6d7357c26e5a,,,,,,Training
e33e3762e-efe8-c6c2-7e9b-cf54b63082a8,,,,,,Training
e3553d955-5e67-01be-fcd6-15551fe5fadd,,,,,,Training
e3b1194a4-4afe-ddf9-018b-ca4e9b8f2698,29.2,99.0,701.24,17.5,drifting_longlines|set_longlines,Training
e4136060f-f5f2-3c9b-8cbf-237798bd9fe8,,,,,,Training
e424cd83d-d03a-0167-f00a-93c8613c9712,,,,,,Training
e45ad9723-39a4-6cff-50ba-38f3afa151aa,50.9,233.325,,22.0,trawlers,Test
e48015e70-0793-f451-e850-014db22ec212,31.02,148.0,432.0,,set_gillnets,Test
e49946893-3ce4-35af-31ff-ba7dad1009c3,25.38,154.0,339.0,,set_longlines,Training
e4c989524-4b91-60c3-2331-8ac759fd7749,50.59,655.0,735.0,25.0,set_longlines|drifting_longlines,Training
e51b2f827-752c-1d65-9f2a-0ccaa88c0e03,,,,,,Training
e54d28b42-2704-4794-d1e3-d5a6be8326b6,,,,,,Training
e618c06de-e148-d337-8d79-0c60ab43f867,53.07,454.0,489.87399999999997,25.0,set_longlines|drifting_longlines,Training
e64b4078c-c7e2-4dac-fb76-ffdf97d6f025,,,,,,Training
e6c9bae78-89d1-f17e-94dc-3092989133de,,,,,,Training
e869afff3-3076-c521-6c87-eb73461a03fc,,,,,,Training
e8df33a62-24e6-f62e-f414-7c4472353f7a,,,,,,Training
e90b32e2d-ddb9-989a-0145-10aa4b530db9,17.8,41.0,217.0,,trawlers,Test
e9e1401ff-f123-e4b5-7df2-06b37bbf8813,,,,,trawlers,Test
e9faca133-37da-84d2-def4-6c1a2add9f60,20.09111111,83.82222222333333,,,set_longlines|drifting_longlines|pole_and_line,Training
ea74c15f3-3a43-6f5d-e2d7-44082a7ffe34,,,,,trawlers,Test
eb22800d3-31b7-fe3c-c001-a157f1677794,22.9,79.0,440.0,,trawlers,Training
eb5ea21a5-53b8-c70f-77ec-aaa148c03501,42.5,1048.0,1776.0,,trawlers,Training
ebd1a058e-e404-bd49-025e-a7f6b2972d36,23.21,76.0,308.74,,drifting_longlines|pots_and_traps|pole_and_line,Training
ebd594847-7f2c-8856-13de-015f112d85cd,,,,,,Training
ebea9f47c-cbc1-cb4f-748b-471ed3df4e5a,49.995000000000005,431.0,735.0,23.0,drifting_longlines,Test
ec3bdf3c2-21de-77d6-09f3-a91551b25ed6,58.295,499.0,735.0,25.0,set_longlines|drifting_longlines,Training
ec6b95f67-7a25-fa9b-c7f9-204479be22d7,17.009999999999998,21.0,161.8,,set_longlines,Training
ecc181876-627e-2ac4-dbb6-44f48d70093f,29.0,136.0,351.0,6.0,set_longlines|drifting_longlines,Training
ece22a7ee-e029-b07a-b81b-305563201a84,51.39,424.0,888.6,26.0,drifting_longlines,Training
ece5480ec-c232-fa4c-d693-8eba9250ff8b,,,,,,Training
ecefcf6a9-9546-034f-3e06-c0bb0e757083,,,,,,Training
ee7bcc7e7-7661-5c6d-2273-722ee31adc33,29.0,236.0,306.0427,,drifting_longlines|set_longlines|pole_and_line,Training
ef6c25c87-754c-da84-29b6-fea71a3db9a4,,,,,,Training
ef73e6036-6c9a-d2c6-c268-ae9514a1ff86,,,,,,Training
efa83eaca-a18d-beaf-e651-b1b2931ae04c,26.45,163.0,426.0,,purse_seines,Training
efae6e68f-f355-19c0-0217-4c5a9f4d4384,,,,,,Training
f12469adb-b0f1-90cb-6259-f1e996c92568,,,,,,Training
f1d28200f-f91f-390b-2ba1-e2025fca4ab8,52.510000000000005,499.0,1248.417275,25.0,set_longlines|drifting_longlines,Training
f22a59bb2-2377-0bed-67a2-b9fb95bc620e,,,,,squid_jigger,Test
f268a9811-1745-d532-7ff9-93b825f8a097,52.35365217392,408.0,888.6,25.0,drifting_longlines,Training
f2ed32211-1288-9a69-cb67-75b71e87a765,,,,,,Training
f319e0f07-79db-427b-5ac9-820c6e4c2962,59.629999999999995,1094.0,1985.0,24.0,purse_seines,Training
f3a81e20d-d9b3-aac3-3c65-e1e5d5195a2e,,,,,,Training
f40900f52-2e21-a727-f6d8-27fc24d1bcb2,76.75,760.0,2942.0,27.0,tuna_purse_seines,Training
f41758c89-9789-cf12-6a2c-2ddaeb43ee55,11.96,15.84,206.0,,pole_and_line,Test
f42be5d6b-bdf1-7d9f-864a-af889c163e19,28.6,203.0,444.425,,drifting_longlines|set_longlines|pole_and_line,Training
f4dd0cb24-43cb-94b4-73a4-3f6322b999b4,,,,,,Training
f50f2b4d9-9f87-86d7-daa9-b063cff719ed,21.0,97.0,331.0,6.0,set_longlines|drifting_longlines,Training
f521f6694-4f5f-2417-f644-cb2c7bb24407,52.605000000000004,721.0,628.547375,25.0,drifting_longlines|set_longlines,Training
f57a1fbf0-0951-431b-85b8-40485bc9b662,,,,,,Training
f6336fa73-343a-89da-34b2-0052bb9578ec,23.975,120.0,331.74,5.0,set_longlines|drifting_longlines,Training
f6ba2481a-a265-bd19-7d0a-4991c9ac0c7b,,,,,,Training
f7636d00b-b210-6809-69fb-a8b4e00754a2,15.9,53.21,236.0,,purse_seines,Training
f7643975d-d7ac-6819-c7da-1d79578dfb00,,,,,,Training
f7af34486-6109-2116-2cff-da90b0777e35,,,,,,Training
f86fdf4dd-d49d-3acd-bbe0-9d7d09ddb5fe,,,,,,Training
f8823125a-a7fc-a4a5-6ad4-90589bdf40fc,,,,,,Training
f9c902a09-9842-983d-c11a-82e95c9c6756,9.635,5.1,59.0,,set_gillnets|set_longlines,Training
f9dba4d5c-c81c-3e8f-9200-6e71aa34c7d5,,,,,,Training
fa03494d0-0c00-4764-9219-e265ece25aaf,52.473333333333336,499.0,1323.0,25.0,set_longlines|drifting_longlines,Training
fa51a7767-769b-3a9a-36c7-8f0f5071f998,,,,,,Training
fafc6b0c7-777f-1e33-5d3d-aeb8b43450ef,,,,,fishing,Training
fb075f534-4224-6992-3a3e-2da1385bc7ec,,,,,,Training
fb1b43fd0-0b49-4d6c-e0f5-1cc2c949e0ac,,,,,,Training
fb2544e2a-aa81-8527-408c-91ee0ad42bce,21.3,75.0,294.0,,trawlers,Training
fbb1d5363-3e48-86e9-d8fa-53417dcf147b,44.275,655.0,,,purse_seines,Training
fbbbd8921-17d0-3875-dcfa-9e407cbb76e7,,,,,,Training
fc5ec99da-a9f6-5d9e-44d9-fe836b40b04c,21.0,93.0,353.0,6.0,set_longlines|drifting_longlines,Training
fc8f81ea5-5be2-fedd-24ac-fbf6a84409d8,37.0,206.0,341.39446666666663,,purse_seines|pole_and_line,Training
fcd52c99a-ab4d-4661-541d-fa89aaf470d7,49.236666666666665,384.0,740.5,25.0,drifting_longlines|set_longlines,Training
fde3dd180-0692-d2c3-61cd-580b0e712248,,,,,,Training
fe090a354-4df8-99b5-75b1-2c92825a8eb7,,,,,,Training
fe31b3f65-5df7-8946-9e44-84417fc54a59,25.07,117.03,294.225,,trawlers,Test
fe45300cb-bd4c-315c-5506-7a5a0b729d73,,,,,,Training
fe760afa3-3620-2cd2-fee6-77f40c163140,,,,,,Training
feaa74aac-cd72-52f1-ca76-702c8b1f371d,49.9,409.0,741.8359999999999,25.0,set_longlines|drifting_longlines,Training
ff737b6f0-05b5-aadb-ea8c-4b340e26d869,,,,,,Training
ff8da40e1-12f1-0dbe-bd56-aa41d65f5749,74.55,998.0,1764.0,,squid_jigger,Training
ffe3a6321-1088-32d4-75c5-820119e3102b,11.96,15.84,206.0,,pole_and_line,Test
