id,transit_only,length,tonnage,engine_power,label,crew_size,split
0040e3bfb-b62a-632a-725e-70cc42a82593,False,24.51,65.0,447.6,drifting_longlines|set_longlines,15.0,1
00f497a5d-d4b9-0aac-6d46-713b29c723ba,False,27.539999999999996,98.08250000000001,596.7253999999997,drifting_longlines|set_longlines,17.749999999999996,1
01884b6e3-3925-cbee-162b-5df74c791aa1,False,35.5,295.0,500.0,trawlers,,0
023fd6583-3232-33f8-16dd-9a4cb8775dae,False,41.5,269.0,614.2149999999999,,18.0,1
0245a9e14-4e3a-ad0e-333b-e7da54b2b0e6,False,51.35333333333333,644.0,888.6,drifting_longlines,26.0,1
027260d4d-d8aa-eb47-0825-c8a560b022c8,False,55.055,910.0,1201.0,set_longlines|drifting_longlines,40.0,1
02b742a26-68af-7358-56d0-36436f885037,False,,,,fishing,,1
02faadaac-c879-acdd-a24c-73e1c852b53f,False,55.400000000000006,698.0,1184.4270000000001,drifting_longlines|set_longlines,30.5,0
03264a0df-fc02-e1ac-fb0a-14832d23fe89,False,39.1125,296.0,596.0,drifting_longlines|set_longlines,18.0,1
0380bb135-5d41-86f9-adfa-e199a82c9e7b,False,27.195,154.0,295.5766666666667,purse_seines|pole_and_line,,1
03b81f1ff-f0bb-962c-b798-874050487fc2,False,39.1125,296.0,596.0,,18.0,1
0449a1daa-a51d-ec9e-79d7-f1182ab55d7e,False,49.995000000000005,619.0,676.3631666666666,set_longlines|drifting_longlines,24.0,1
044ca03ad-d98c-16d4-c0cc-27d6a30a458a,False,44.96,479.0,662.0,squid_jigger,,1
04e6570ef-ff11-0115-e6fe-7cc0e28c62d5,False,25.0,148.0,221.0,pole_and_line,,1
05adecb68-85c6-3dc0-ee66-f79fef549d74,False,31.2,142.0,599.5428,,,0
063b573f4-4eee-570f-dd85-c8bec18ea495,False,,,,,,0
06692929a-a02d-d0b0-97fd-8acb2f988cac,False,31.55,273.0,744.865,drifting_longlines,18.0,0
0695ec71f-f895-192a-babc-b85cc11f8d6f,False,21.1,136.0,272.0,,4.0,0
0848bc463-33cd-247b-38c6-32a7629c12d2,False,,,,,,1
09fe8a1a0-08fc-2b3f-f0fb-fd134aca878b,False,23.89666666666667,176.0,,reefer|fish_tender,,1
0ae256d80-0c6c-b35c-5fbf-021d2db4c902,False,48.6,407.0,746.0,,30.0,1
0afc4fe22-2f20-e9d5-3489-9d1f9f230b05,False,,,,,,0
0b0b92d21-1ac6-988e-d76d-c8f0b8d643bc,False,23.8,103.0,335.0,trawlers,,1
0b10116bd-dc8a-bfc3-1082-0f9113428f49,False,17.8,,187.0,drifting_longlines|set_longlines,8.0,0
0be409e8a-ab77-8ae2-2a13-8638780e0a16,False,51.5732,664.0,1038.04,drifting_longlines|set_longlines,25.0,1
0c21ebe10-0de5-6de3-e6b1-1b2ffa9e7baa,False,49.3,399.0,735.0,set_longlines|drifting_longlines,25.0,1
0c6cde62a-a121-e4e8-12dd-9090cc5d5275,False,72.8,960.0,1617.0,squid_jigger,,1
0d840090b-b069-3fac-d75d-9f7d3ae97e63,False,21.81,70.0,353.0,set_longlines|drifting_longlines,6.0,0
0e015b835-5794-8211-6440-c70fc721c358,False,55.400000000000006,698.0,1184.4270000000001,,30.5,1
0e99332df-f925-46e4-82cb-6edf1bbf3ef3,False,21.0,97.0,353.0,set_longlines|drifting_longlines,6.0,1
0f03aea25-5e31-89ef-4cae-efc23e5bda56,False,24.39,123.0,332.525,,,0
0f1d01314-4bef-8adc-3567-d62c0226a260,False,9.91,10.37,164.0,trawlers|set_gillnets,,1
0f7badcab-bcea-235d-845b-4b013f5e6639,False,,,,,,0
0f7eb156e-e065-de0f-3d34-63d89300bf5d,False,56.07,698.0,882.0,pots_and_traps,,0
0fd95fa25-5e9a-602a-1ca8-7508f9b5b71a,False,26.189999999999998,101.0,299.95,trawlers,,0
104688c34-4699-fea4-f125-e399d2ae3f51,False,25.6,110.0,220.0,trawlers,,0
10fbca208-8960-6b08-9a70-1b0610fc7799,False,67.3,1606.0,2950.0,,,1
110a84709-93bb-f9cc-5aeb-55c0f49194b8,False,61.96333333333333,349.0,2942.0,tuna_purse_seines,24.0,1
1132185b0-0a86-2cff-1fb3-0daebe98509f,False,,,,,,0
11428c59e-ec60-f3bc-b34a-b8efea156da7,False,27.0,111.0,295.5766666666667,,,1
1142c655b-b595-353a-2b49-fe6b7ceaad47,False,32.39,119.0,1471.0,,23.0,0
11872541b-bcae-3d93-abad-7cfa0921dd11,False,46.45,681.0,941.6833333333333,set_longlines|drifting_longlines,23.0,0
1224155a3-384e-efed-78c9-493cabd91b36,False,,,,,,0
124fffb9f-f9ac-5508-148f-c0b2566dc419,False,23.424999999999997,97.0,286.7072,set_gillnets,,0
1296b8d47-7ac5-b7d1-395a-a9b8c0c5c193,False,9.88,5.65,87.0,pots_and_traps,,1
145876a6e-e741-d4e7-67c9-0e7be0ff33b7,False,32.0,294.0,443.3666666666667,drifting_longlines|set_longlines,,0
14a1f5989-94ab-194d-08cc-3c0ca528ca0e,False,27.194,79.0,376.73,set_longlines|drifting_longlines,14.1,0
155c14afa-a662-7c4d-cff9-18d26bb85582,False,28.3,98.0,477.44,,17.5,1
15ddf6acd-d1c9-6a60-ec0c-0fecc61a4a0c,False,50.59,436.0,743.1640000000001,drifting_longlines,24.0,0
160b45973-3886-b8e4-6f65-256ce5020df7,False,25.549999999999997,79.0,775.0939999999999,,14.0,1
17af2e503-3146-aa0b-0f72-c955566efd18,False,51.82666666666667,489.0,736.0,drifting_longlines,25.0,1
17c536736-684e-1b31-9584-b9f203d70006,False,26.1,88.0,495.717,set_longlines|drifting_longlines,16.0,0
1883b71dd-dc37-4f0a-73ab-d8892b4b125e,False,29.875,136.0,369.4733333333333,purse_seines|pole_and_line,,0
188f3dd44-4198-7e56-275b-206db6158c15,False,65.34,1233.0,1800.0,squid_jigger,,0
197e2ea50-01d9-2d11-79db-fe01b23434ed,False,22.5,66.0,162.56466666666665,purse_seines,,1
1998c7c34-48c2-f447-490c-7a0250620268,False,32.0,283.0,,,,0
1a0a53675-5c6e-61f6-10c7-7a394a608ace,False,25.323333333333334,120.0,316.48,,,1
1bb962c25-5731-744a-ccf5-5444fad2efde,False,,,,trawlers,,1
1bf14f613-3484-5461-41a5-384bdbbf561c,False,,,,purse_seines,,0
1c19e92f5-5f6a-513a-f1d8-f9d4e77a52a3,False,17.115000000000002,36.0,206.0,,,1
1ca7d5873-31b3-26a6-7cbb-1def79c9fe0e,False,56.54666666666667,719.0,1185.3,drifting_longlines,25.0,1
1cbb3e914-42f8-08ca-fd92-89c723582e8a,False,51.65,573.0,776.586,,30.0,0
1cca5365d-d2a8-0a70-762e-9708059c4fcf,False,30.4,287.0,664.2725,purse_seines,,0
1d7f62074-48cf-58eb-364e-59a7112307cc,False,28.40985,536.0,746.0,set_longlines|drifting_longlines,25.0,0
1decf3e33-30cb-b3b7-6762-febfd61dbfe1,False,46.5,496.0,1059.1333333333334,drifting_longlines|set_longlines,26.0,1
1e19515ac-c7ca-8ab9-753f-6270a2a88127,False,,,,,,1
1ec167e63-378f-c644-18f4-427ac93ae903,False,18.916666666666668,65.0,237.0,drifting_longlines|set_longlines,2.0,0
1ed1abbd2-2c7b-9991-8862-b119c80b3f85,False,73.6,2042.0,3782.966,tuna_purse_seines|reefer,,1
1fe76f089-93be-2ce2-8dd9-7ecb24ecff4b,False,,,,,,0
1ff2afd3f-f760-6aa4-72aa-35460b2fc85e,False,49.995000000000005,619.0,676.3631666666666,set_longlines|drifting_longlines,24.0,0
219405484-424f-8685-58d4-204952ec87d8,False,24.875,147.0,319.589525,set_gillnets|set_longlines|pole_and_line|drifting_longlines,,0
219802809-9b1a-7b7a-638d-3c75722bee37,False,42.5,1048.0,1776.0,trawlers,,1
2282b73a5-54dc-f124-6f75-30b829502879,False,35.848421052633334,199.0,330.0,drifting_longlines|set_longlines,12.5,0
22aa7a4ca-a676-b854-1d45-7988c6800c84,False,,,,,,1
23b753ddb-b74b-049a-a998-6a6b8212118b,False,51.760000000000005,416.0,888.6,drifting_longlines,25.0,0
24d9427b3-39fc-7d09-1f82-1688686b8a16,False,18.4,62.0,216.0,pots_and_traps,,1
24e8afd2e-eb47-054d-4bdc-6e61e10d071f,False,35.5,295.0,500.0,trawlers,,1
24fc184d5-5de5-790a-d9d9-78d0542a3326,False,19.0,93.39,128.60295,set_longlines|drifting_longlines|pole_and_line,,1
25a4909a0-097a-46db-4ae8-6ebe86cc58fc,False,55.400000000000006,698.0,1184.4270000000001,drifting_longlines|set_longlines,30.5,1
260b7f095-5652-5674-fa64-8358fa530f96,False,21.0,93.0,353.0,set_longlines|drifting_longlines,6.0,0
269657e51-17d7-36c1-830c-9fa1ce04e627,False,54.685,439.0,735.0,set_longlines|drifting_longlines,25.0,0
26c7d1041-1ead-ec02-22db-9cb3ddc6bbb7,False,36.5,448.0,608.0516142500001,,,0
275f5c3ae-e209-d688-da85-c01f342cb27e,False,52.515333334,408.0,890.68,set_longlines|drifting_longlines,25.0,1
27f640ce2-2474-256d-a4cf-9a3b20e944da,False,32.0,258.0,735.5,,,1
281a4316c-c1fd-90cd-e8ce-c4541f3af9d5,False,,,,,,1
282fb076f-fe2f-27ba-09cc-8efd14d8bd20,False,,,,,,0
28f960898-8bd3-4fe0-367a-04bc9873cb4a,False,65.34,1233.0,1800.0,squid_jigger,,1
299d646de-e1d7-889f-d0aa-cc27f6dadd62,False,27.2,118.0,293.8058000000001,,,1
29d6550e5-5e89-1980-9d7e-6334b3e37a41,False,9.635,5.1,59.0,set_gillnets|set_longlines,,1
29eeaa71d-d92a-3c87-4d5e-e9b8e6003fb1,False,,,,,,0
2a1303899-91e2-ed19-41f4-ec717aaf9b24,False,61.96333333333333,349.0,2942.0,tuna_purse_seines,24.0,1
2a39ac3f7-7f0e-bc62-48dd-5e9749e12e46,False,30.0,267.0,452.377025,,,1
2a6fcd810-0a67-0adf-0e06-afb6b4e35f90,False,84.11,2319.0,4000.0,tuna_purse_seines,,1
2aba11d84-42f0-7e83-b607-a72457640829,False,20.88414634,62.86,73.0,,,0
2af05bb5d-d604-a219-cab7-cbf8a39ffd82,False,44.98,498.0,662.0,,,0
2af817e06-6033-41f1-4543-36d21d18dc85,False,49.995000000000005,439.0,593.7128,drifting_longlines|set_longlines,25.0,0
2b56202e1-16e2-65cb-7479-a23547fdcdf4,False,47.015,409.0,741.8359999999999,drifting_longlines|set_longlines,25.0,1
2b5867e4a-aafc-fd6b-e67c-8eb6d972028c,False,46.66,411.0,600.5029999999999,drifting_longlines|set_longlines,19.0,1
2be59bf54-4974-bc7f-f735-664f6220b9ed,False,17.615000000000002,18.0,324.0,trollers,,1
2c557c2c7-7657-f566-0637-cb73f22d50fc,False,21.1,180.0,272.0,set_longlines|drifting_longlines,4.0,1
2de310fe5-53b1-6420-6d96-8241ecdb2f64,False,20.0,52.61,144.09383333333335,purse_seines,,1
2ed05c69f-fa58-4720-0414-f5919dc84ea6,False,29.7,98.0,659.5572499999998,drifting_longlines|set_longlines,16.0,0
307e66004-4a33-1229-5d04-64a45046eab8,False,25.2,110.71,256.62,,,0
30cdb6928-8680-1563-7c05-4a868b45fac6,False,32.39,119.0,1471.0,,23.0,1
30d98d3d4-4d8c-a280-3475-8738894154f3,False,26.96,236.0,522.0,research,,1
312d454b1-126e-d2dd-b415-bcbcd7c1599b,False,20.4,103.0,360.0,trawlers,,0
31470a98c-ccc8-d926-5928-bfed6dbfa738,False,26.049999999999997,98.235,447.6,,15.0,1
328120e10-0326-9ee3-a03c-d0deb4331086,False,22.32,67.0,205.9,trawlers,,0
3367a40df-f419-ed22-20ff-80b020a8493b,False,36.165,427.0,406.2742,drifting_longlines|set_longlines,,0
350a38d53-3669-b963-81f4-19db02a9ec9b,False,21.6,54.19,269.7135,purse_seines,,1
3584c5217-7da2-6cbc-fe12-ed7f480d1b88,False,27.7,159.0,411.8,trawlers,,1
3597ca0d7-7e45-5793-2223-1d7efc32c8f4,False,27.35,99.0,723.62,drifting_longlines,15.666666666666666,1
35bc460c8-82c9-6a9d-5dd0-482db1adb172,False,84.1,2502.0,62521.29600000001,tuna_purse_seines,27.0,1
35ebcc974-4d59-a1df-f180-0d78d36ce73c,False,15.6,21.7,88.0,,,1
361b038fd-d116-f799-2ea5-5c6e43a8c0fd,False,25.77000000000001,79.0,540.85,set_longlines|drifting_longlines,14.499999999999998,0
369689ca7-758d-71d9-8c84-ca13c353291d,False,32.0,283.0,,,,1
36b10b504-49e7-99cd-bf53-ed35e5a2deda,False,84.66,2026.0,3333.501,tuna_purse_seines,38.0,0
36fdba327-740e-dc2f-6f6d-8edd922e2bb2,False,49.995000000000005,439.0,735.278,set_longlines|drifting_longlines,25.0,1
379609065-58e8-2b44-7cf0-e4693447d301,False,26.15,211.0,895.2,trawlers,,0
37af67857-7ba4-50cc-d7f0-d992f7a525f4,False,,,,,,1
38923a9a7-7145-75f8-c8cc-f9aac94529a7,False,30.0,286.0,517.26,drifting_longlines|set_longlines|pole_and_line,,0
393741c5a-acae-e79c-8234-312ea393cef4,False,49.9,409.0,830.55,set_longlines|drifting_longlines,29.0,0
3945cf601-12c8-7152-5508-ea1e532b5a5b,False,,,,,,0
3a01a674c-cb72-7cf7-26e1-ef5481ff7d24,False,33.78,228.0,375.0,drifting_longlines|set_longlines,14.0,0
3a4899d88-82d1-6999-332e-7daf7d414cd2,False,31.5,,598.0,drifting_longlines|set_longlines,15.0,0
3abb07029-9dfb-fb97-40f6-837aac6262c9,False,20.6,62.0,206.0,trawlers,,1
3aefdceb1-1f58-ebdd-5b74-4dfcd75332f6,False,30.275,,645.7762,pole_and_line,,1
3b11d6ad8-8f2c-1585-d31d-2f983df75f8c,False,41.511142858,578.0,773.9607500000001,set_longlines|drifting_longlines|pole_and_line,,1
3b33286f0-0e56-571a-5d62-5267593e5a9c,False,,,,,,1
3b88ecfa9-9034-02cc-f563-91d4a726694a,False,28.0,175.2,264.35745,drifting_longlines|set_longlines,,1
3c92166e6-61a3-bf56-02f4-034b9545501d,False,11.9,20.01,134.0,pots_and_traps,,0
3ca9cb974-4698-c80a-c6cf-11e1119f3b28,False,23.95,97.0,700.9602499999999,drifting_longlines|set_longlines,17.0,0
3ce636fff-fe5f-b148-2608-6aea257c6480,False,25.9,84.0,184.73499999999999,purse_seines|set_gillnets,,0
3d162bdbb-b067-c87e-94a0-bcdcccc88d96,False,25.9,84.0,184.73499999999999,purse_seines|set_gillnets,,1
3d6e1f2e7-786f-5eef-45a8-2cb28cc15c43,False,,,,,,1
3de517f31-1c99-2ed0-c82b-f1d7b578d757,False,65.34,1233.0,1800.0,squid_jigger,,0
3df453ef1-1d20-6b17-83cf-3f05d9af42a1,False,20.4,103.0,360.0,trawlers,,0
3f824e2ac-c94a-8354-6616-80a982397411,False,18.4,62.0,216.0,pots_and_traps,,1
3fb3d6428-800c-9fb5-7688-ae7ae18df522,False,24.985,106.28,328.0,trawlers,,1
414b9ff44-4454-dba5-54d4-a772551f0d7a,False,,,,trawlers,,0
41e7943ea-aadf-9bff-eb28-a534d7df5e8c,False,52.807500000000005,660.0,742.2333333333333,set_longlines|drifting_longlines,24.0,1
42e74f824-4972-fcd0-eac6-97be17854702,False,41.015,302.0,853.95,,18.0,0
42e954fb9-962b-e88d-af65-e77fa17d393e,False,21.1,180.0,272.0,set_longlines|drifting_longlines,4.0,0
43062e4b0-0a56-ffe4-cbbe-cc47bb21aa69,False,15.9,33.0,280.0,purse_seines,,1
44ce27104-4891-5ff2-6b1a-86a1df3723cc,False,26.4,181.0,235.44707499999998,,,0
44ed132b8-8d8a-c8a6-77ea-e26674caf4bd,False,,,,,,1
454dd0432-260a-1735-37a8-61fe3248b6a9,False,,,,,,1
45db0ed73-3383-2573-3fa5-20cecb5777c4,False,27.375,327.0,680.0,trawlers,,1
462638b3f-fbeb-1452-8933-3ad95d0fdf66,False,30.5,252.0,604.6461,set_gillnets,,1
4673e1547-71a1-f3d8-1307-81c0808f1a6a,False,20.0,77.0,224.0,pole_and_line,,0
4683fcd8d-d9c6-c5b6-c0c6-4727821fba91,False,28.424999999999997,168.0,588.0,set_longlines|trawlers|drifting_longlines,,1
473afb04a-a3cd-a640-3d25-3cda22b83786,False,,,,,,0
488709fd1-1661-09ba-5054-cb5432c6c9f0,False,29.36,98.0,527.422,set_longlines|drifting_longlines,17.0,0
48bffd75a-a325-7b60-f291-4b5877422a3e,False,21.08,67.0,220.0,set_gillnets|trawlers,,1
4a34fe9d8-8dd9-0d82-35b1-e050bc1b89a8,False,,,,,,0
4a3c72028-8c07-4f47-4947-439cbe6833da,False,,,,,,1
4b2dd9fa3-307b-adae-63db-db7841904df2,False,36.165,427.0,406.2742,drifting_longlines|set_longlines,,0
4b9f911d6-6de1-6921-df11-e77d86249595,False,51.35333333333333,644.0,888.6,drifting_longlines,26.0,1
4be91e0d0-0a12-5cd5-d515-cd5cbeaa7bc5,False,9.91,10.37,164.0,trawlers|set_gillnets,,1
4c1811fb5-5339-2d2b-79d7-5a5cfeb49855,False,,,,,,1
4c1df03d4-4713-df86-7e85-c7b7ae2d5017,False,22.8,50.0,485.0,set_longlines|drifting_longlines,5.0,1
4d60e46e0-00fb-bdd9-e57d-c6f37923a2dd,False,14.98,27.0,221.0,driftnets|set_gillnets,,1
4dd9cd7a5-5ea5-d46d-fa96-22e0f573ff0f,False,25.2,163.94085460599322,257.57476415094385,,,0
4e9fdef19-9b50-8fca-5f12-213b26c3507f,False,23.78,138.0,450.0,fishing,5.0,0
5072fb9fd-d23d-6efb-4def-042e36b6539e,False,25.2,164.0,257.575825,drifting_longlines|set_longlines|pole_and_line,,1
50d51cb49-905b-a5ea-1471-b2087d101c75,False,50.8,625.0,1176.0,,27.0,1
50e33cdfd-d75f-c604-336f-fc8f949e4239,False,26.975,157.0,410.142,drifting_longlines|set_longlines,13.0,0
50fe1d8ca-aa11-4f1e-5801-22211067b446,False,25.45,112.0,221.0,trawlers,,0
5143c4566-69b0-ec13-a306-504a04089d02,False,52.65,489.0,895.2,,34.0,0
51a33e87b-bf1d-3315-6019-d63a906e7f76,False,,,,,,0
5234f9e06-6a6c-ded9-044f-12bb47b64c1b,False,57.795,499.0,1289.7344,pole_and_line,32.0,0
523ce448b-b657-7cdb-247e-3330a934842c,False,41.015,302.0,853.95,,18.0,0
529a1a718-8167-7cf4-01be-af659821ad70,False,24.88,109.0,309.0,,,0
52dce8f15-5afe-d6ea-de8d-8aa5c24fc299,False,22.39,51.879999999999995,447.6,set_longlines|drifting_longlines,13.0,0
53f57c496-6b95-f2e8-a559-520b04d9e83b,False,52.175,498.0,1558.9,drifting_longlines,26.5,0
54273ade7-7224-d403-0dec-aaf8e733282c,False,24.475,79.0,447.6,drifting_longlines|set_longlines,15.0,0
54bbe466f-f9f6-065d-1b97-09b509475d76,False,26.0,87.0,221.68333333333334,pots_and_traps,,1
568bd54d2-2bf4-94e7-d10c-948eb9aaf12c,False,18.916666666666668,65.0,237.0,drifting_longlines|set_longlines,2.0,1
572cd91b7-728a-4b9f-a2cb-9fd222d57cc7,False,26.049999999999997,98.235,447.6,,15.0,1
57972374e-eeed-692b-5c21-4fed20ac637d,False,50.57,439.0,693.585875,set_longlines|drifting_longlines,25.0,1
58b401aad-d7b9-a628-c1d0-455e7f370a44,False,,,,,,0
59216de02-2597-afb1-3927-f27e03b2f8ee,False,27.2,118.0,293.8058000000001,trawlers,,0
596662e9d-da90-9311-0a39-ffb342ce34a8,False,,,,,,0
597601534-4f37-9571-880a-58ab285c8788,False,,,,drifting_longlines|set_longlines,,1
59904f8f9-93f1-360e-8e48-f220bed5e3e5,False,19.0,67.0,338.0,set_longlines|drifting_longlines,6.0,0
59e6d9715-5e1b-67cc-afeb-d4a18689baae,False,52.33,427.0,888.6,drifting_longlines,26.0,1
5a1f08e40-003f-5c74-1299-89bd297eacf6,False,,,,,,0
5aa80e68e-eb68-9b84-17ce-8c0cf211ecc9,False,32.0,,759.0,set_longlines|drifting_longlines,9.0,0
5ad7ead09-9564-fd31-ae65-86c0b71c5b36,False,76.75,760.0,2942.0,tuna_purse_seines,27.0,1
5b2765aed-ddc5-8b90-c53d-a0a250627b61,False,52.510000000000005,499.0,1184.4270000000001,,25.0,0
5b559a847-7711-4056-9a19-8685a212911a,False,49.56,651.0,,purse_seines,,1
5b9b412f8-8849-4441-7226-cd2ebbf3097e,False,65.1,1253.0,1324.0,squid_jigger,,0
5ba0d5017-7167-a939-1aae-6d771dd75232,False,72.8,960.0,1617.0,squid_jigger,,1
5c0ca860a-ad3d-f6b3-5b39-c214bb5aab4d,False,24.875,147.0,319.589525,set_gillnets|set_longlines|pole_and_line|drifting_longlines,,1
5c2bdfe15-5ea8-e8ce-46d4-8f9c26f50d7d,False,24.5,65.0,484.9,set_longlines|drifting_longlines,15.0,1
5c663c7cd-d602-36d5-8b8b-aa78e8106aad,False,29.0,163.0,351.0,drifting_longlines|set_longlines,6.0,0
5ca19103c-c6fc-e156-fb2e-119a1f3eff34,False,32.0,294.0,443.3666666666667,drifting_longlines|set_longlines,,0
5ce50b0c3-3ac0-7bd5-4aba-e4d13419ea16,False,23.7,99.8,700.6804999999998,drifting_longlines,15.0,1
5d2efec94-4334-27e3-5c90-a44a5767db9c,False,17.87,30.0,220.6,purse_seines,,1
5f491367c-c013-d521-93a3-c9d292caa9fa,False,49.3,379.0,735.0,set_longlines|drifting_longlines,24.0,0
60a2eb16d-db0b-cea5-96d9-bec8418ae7b3,False,18.09,33.0,144.0,,,1
60edf50b6-61df-db7f-8c18-afbad5873180,False,53.3,739.0,382.2,drifting_longlines|set_longlines,24.0,1
610b96478-8910-f116-463f-835d953f73b3,False,38.3,262.0,711.0060000000001,purse_seines,,0
622338c1f-fcd9-f3c1-c414-bcbce680e363,False,22.8,50.0,485.0,set_longlines|drifting_longlines,5.0,1
64918d055-580d-6125-90e0-f47ab1da0c7c,False,18.0,67.0,338.0,set_longlines|drifting_longlines,6.0,0
64b40ecb1-18ad-e893-5f0d-0fe1236e7e79,False,20.09111111,83.82222222333333,,set_longlines|drifting_longlines|pole_and_line,,1
64bcc801c-c1a7-68f9-6ab0-ae6058e8eb87,False,49.995000000000005,409.0,513.03,set_longlines|drifting_longlines,25.0,0
67115c512-26de-b34b-acdf-482007ec9492,False,54.8,499.0,735.0,set_longlines|drifting_longlines,25.0,0
681d6f0ce-ebda-50e2-702d-493256afac8b,False,17.24,41.0,221.0,trawlers,,1
688443e64-4314-45ae-4443-27c112083856,False,57.09652892561981,635.0,1193.6,,35.0,0
69c1f146f-f41d-9b18-e412-966fc5abc570,False,28.731250000000003,224.5,,set_longlines|drifting_longlines|pole_and_line|trollers,,1
6a9357b86-60e0-87f0-e722-669dd58bd069,False,51.760000000000005,416.0,888.6,drifting_longlines,25.0,0
6bcc67d6c-cda5-9f4e-cb43-59b98f5f9439,False,,,,,,1
6c072d2e5-58bd-ef77-64b4-82943f960206,False,9.91,10.37,164.0,trawlers|set_gillnets,,0
6c8838dbe-e033-01cc-b4e0-628123feae06,False,39.1125,296.0,596.0,,18.0,1
6ce2521a2-2e05-0bd6-89e4-ef610bb13180,False,25.0,89.0,310.3546666666667,set_longlines|pole_and_line,,0
6cf25a6c5-53e3-fab6-8f5c-495cf30a4cbd,False,84.1,2502.0,62521.29600000001,tuna_purse_seines,27.0,1
6d138d6e4-4078-807a-6670-21625bc494de,False,29.2,99.0,769.872,,16.5,0
6d5a94b1c-c739-aceb-b19d-f9e32685dce5,False,,,,drifting_longlines|set_longlines,,1
6df800f60-0238-e22d-3529-6d9af7f10350,False,50.6,439.0,735.0,set_longlines|drifting_longlines,25.0,0
6e6ba3b62-2f1e-5ac7-dc59-9f5a5489071a,False,24.0,114.0,118.501,,,0
6ee120ee0-05d5-8746-2766-3c1768edd1b9,False,16.52,43.0,228.0,trawlers,,0
6f6877040-0fa1-62d9-9785-b78081226e60,False,27.2,118.0,293.8058000000001,,,0
6f6c41c53-396d-3c6a-5d2f-8b817fcd7bba,False,44.98,498.0,662.0,,,0
6f7eb3e75-5a18-ca4a-ce42-2568f7da19b0,False,,,,trawlers,,1
70a3ff9ca-ab64-12b2-6446-34cdf14000c6,False,32.275,300.0,502.93240000000003,set_longlines|drifting_longlines|pole_and_line,,0
70a7588cb-b99f-7c61-01f3-d9d8cab85440,False,51.376666666666665,644.0,888.6,drifting_longlines,26.0,0
70aa978b8-8945-4489-5fd1-f68f8d3b4062,False,24.2,69.25,242.74,purse_seines,,0
70abdc327-7719-f298-5b2f-b557b92fce62,False,49.942499999999995,604.0,740.5,drifting_longlines|set_longlines,24.5,0
70b9e8e49-9f65-e17e-8944-3c62b42d15b1,False,49.995000000000005,439.0,735.0,set_longlines|drifting_longlines,25.0,1
710b9fdf9-9545-fe03-533d-11860e524897,False,116.7,7278.0,5299.0,trawlers,,1
71723badc-c875-510d-8333-d5a045f815b0,False,57.5,950.0,1067.5,,,0
72328ec89-9f20-ad7c-481a-552a59d31dba,False,44.9,586.0,882.0,squid_jigger,,1
7261fcb5b-b124-025c-edc5-b3e9d936870c,False,26.983333333333334,98.0,723.62,,15.0,0
7277c1f7d-d326-17fe-4ffe-bca8ce79c2a6,False,31.55,273.0,744.865,drifting_longlines,18.0,0
733af79e7-7a8c-da78-5b54-2f5b86e5d4d4,False,20.65,36.0,205.82,purse_seines,,0
74f88f888-8a5b-4092-a4d4-bb6edced9efc,False,49.2,437.0,735.278,drifting_longlines,28.0,0
757327d69-93c1-3c17-a03f-dca9688db5ff,False,49.3,399.0,735.0,set_longlines|drifting_longlines,25.0,1
75e677e11-1182-4dfe-9d10-d303cbdfc366,False,52.65,489.0,895.2,,34.0,1
7839bb553-389f-1426-b790-4e1e8b8dd800,False,49.3,465.0,745.7,,,1
786e0d02e-e372-921b-1229-3b165fb47c9d,False,23.5,85.0,484.9,,15.0,0
79283e3bf-f196-6acb-3d09-d592f7dc6dd9,False,20.1,75.0,331.0,trawlers,,1
793e15eaf-f31a-39c0-340b-690a4f1d873a,False,23.78,138.0,450.0,fishing,5.0,1
797916f61-1a07-b21d-8229-9a69a66ddac1,False,62.23,1943.0,1323.0,trawlers,,0
79d04e4e8-82b5-541d-cf52-22f8502a0c1a,False,22.384999999999998,82.0,316.0,,,0
7a1df9bf3-3ff2-d915-3aa5-af393c89b8fc,False,,,,,,0
7ae768ddd-d516-88e7-1016-7f107d34bda7,False,65.8,973.0,1342.0,squid_jigger,,0
7b3f57fbe-e821-f69a-bcd4-5c72ee8cb257,False,26.75,134.0,441.29,,,1
7b4b3564b-b033-2aeb-7c1b-cfef57218c6c,False,72.37,1179.0,2370.4896,tuna_purse_seines,34.333333333333336,0
7babfadf7-7d28-29ad-c321-c2d2033780e7,False,,,,,,0
7c35b4316-6d00-1878-6e2d-93d14c8ec757,False,25.0,89.0,310.3546666666667,set_longlines|pole_and_line,,1
7c8dd4a43-3a3c-c6ee-7944-1af0ab496ae6,False,,,,fishing,,0
7d0f917c1-1245-497a-4a55-17b24f84d439,False,27.2,99.0,746.0,,15.0,0
7df3da81d-d24e-f6dd-1bc4-21a575d1d288,False,32.275,300.0,502.93240000000003,set_longlines|drifting_longlines|pole_and_line,,1
7e19da23e-ed61-a318-41f3-346b9b41eee3,False,82.18,1720.0,2984.0,tuna_purse_seines,35.0,1
7e3f8eade-e5a3-90c1-ac40-fece97e12c21,False,53.5,651.0,,drifting_longlines|set_longlines,,1
7e76c4e42-2c12-b6b2-2f12-1ed71dfee67c,False,71.79,,2666.8008,,40.0,0
7e921aec5-592e-41bd-c6e0-0dc75a7defaa,False,36.165,427.0,406.2742,drifting_longlines|set_longlines,,1
7eb3eb7da-a2ec-7131-90aa-b06a50bd5546,False,29.0,241.0,294.91560000000004,,,0
7f2a03b4a-a614-a9f4-922d-2f5e67b2a6e7,False,49.3,395.0,735.0,,24.0,0
7f2e90b14-4d42-0520-3438-916f15246b45,False,,,,reefer|fish_tender|squid_jigger,,0
7f2ff60d5-5f60-4ea2-da08-3d6f6a2cb0c1,False,,,,reefer|fish_tender|squid_jigger,,1
7f5161572-2420-422e-f8ad-9adf038a09d4,False,23.8,98.93,701.24,set_longlines|drifting_longlines,20.0,0
7f5858f7b-b988-3f97-751b-cf77e3f32a77,False,41.015,302.0,853.95,,18.0,0
7f9aadd5a-ae45-97e1-47ed-952dd0c157d8,False,52.473333333333336,410.0,463.97099999999995,drifting_longlines|set_longlines,25.0,1
8032f7f96-6733-dba5-5f6b-39533f07b0b2,False,,,,drifting_longlines|set_longlines,,1
80d4d1aca-a484-6b8b-1e8c-2d9b0fd0ce4c,False,50.59,655.0,735.0,set_longlines|drifting_longlines,25.0,1
8150eab12-2b88-d7ec-12dc-6b91937cd977,False,,,,,,1
8185e01ce-e9b9-c27d-3546-0d7e5eac4cbc,False,19.11585366,62.641666666666666,58.0,trollers,,0
820e6fd3b-b9fb-9068-0100-199f4b15a28b,False,25.150000000000002,85.4,484.9,,15.0,0
821412ee6-6b20-dd21-0647-ac5146b16a77,False,25.0,75.0,559.5,set_longlines|drifting_longlines,17.0,0
82487b45d-d98b-309e-f2b2-86888d551453,False,26.21,147.0,,fishing,,1
82cb3e137-7ecf-8516-7d46-56bce7dbabb8,False,21.14,66.35,323.62,purse_seines,,1
834805253-3104-0760-ffac-a9b602775ac5,False,18.4,62.0,216.0,pots_and_traps,,0
8458f185b-b38a-466c-b9fa-622c7981e3c6,False,23.0,65.0,188.43116666666666,set_longlines,,0
8544f5788-84f3-d7d5-247a-b7e950b47ffa,False,23.22,57.0,447.6,,10.0,0
854d51a99-977a-81c8-3abe-07f5185826b0,False,38.3,262.0,711.0060000000001,purse_seines,,0
8570226e2-29d8-a212-f432-35bcf0cda1df,False,25.4,112.0,367.30525,,,0
858f93bc6-6296-e475-849a-45c586880231,False,35.848421052633334,199.0,330.0,drifting_longlines|set_longlines,12.5,1
859112d96-629b-4733-0283-3dbc0b73b17f,False,29.009999999999998,148.0,257.35,trawlers,,0
861071536-6c0e-3a5f-d903-27bead459710,False,23.2,68.0,221.0,trawlers,,1
867540d54-4b43-57ac-eaa6-93bb1de75205,False,20.6,65.0,147.79,drifting_longlines|pole_and_line,,0
883c5ced3-3a14-6d47-093b-092b61fb0b9f,False,19.473333333333333,52.17,298.4,drifting_longlines|set_longlines|reefer|fish_tender,,1
886fecd1c-c301-eaf1-4716-e7398ab50ca4,False,37.46,270.0,735.0,trawlers,,0
88b69e6b1-17a6-b2e4-b21f-474f7c4bac23,False,49.9,411.0,894.0,drifting_longlines|set_longlines,25.0,0
88d486a40-0214-1e40-1ea7-c7cd8d68474b,False,,,,,,1
88d8a1194-44e0-9406-0095-756b9c0269b0,False,,,,trawlers,,0
88eacaa13-3f28-ac26-88d8-b597ae46a9b5,False,62.17,1096.5,2684.52,tuna_purse_seines,,0
89a61ff3e-e171-43e5-b731-95cf60872d5e,False,41.5,269.0,614.2149999999999,,18.0,0
8abe7d2d5-5fa3-af28-e170-af1db213672c,False,35.75,271.0,810.0,,18.0,0
8b8d0ec9d-d400-c28e-5aea-ab4284478265,False,16.0,52.0,242.0,drifting_longlines|set_longlines,6.0,1
8bf6155f6-6292-7ad5-b5c2-9649e3594313,False,21.0,97.0,331.0,set_longlines|drifting_longlines,6.0,1
8ccd50ec0-0bf4-8788-2cb4-021af8b64647,False,27.16,79.0,447.6,,15.0,0
8cfba16b9-923a-36ed-7b13-4f248a7b63f6,False,60.349999999999994,1899.0,2500.0,,,0
8d07ae75c-c4f8-6816-c38c-0775b7dfe104,False,29.0,236.0,306.0427,drifting_longlines|set_longlines|pole_and_line,,0
8dd271068-83d6-3081-06c0-dd20bc191049,False,49.394999999999996,379.0,698.0,set_longlines|drifting_longlines,23.0,0
8dd4e20ff-f3fb-ea0a-56f8-af4a18ec0a6a,False,21.9,49.0,298.4,purse_seines|pole_and_line|set_gillnets|set_longlines|drifting_longlines,,1
8e953a5ef-f6cf-142c-f88c-305614bfdb30,False,30.0,286.0,517.26,drifting_longlines|set_longlines|pole_and_line,,1
909a0e09d-de8e-aa0c-5fca-cfe7ea154979,False,,,,,,1
90b0a629e-e660-9470-7e35-a946a7587552,False,20.0,97.0,353.0,set_longlines|drifting_longlines,6.0,1
90ca9c644-4fea-94da-2033-063318014557,False,22.5,185.0,399.8,pots_and_traps,,1
917a76c34-44f8-c8a3-0f04-3b21d112c23d,False,20.88414634,62.86,73.0,,,1
92087d930-0a44-dc4e-acb7-b6cf1afe1a3d,False,26.9,157.0,338.0,,,0
928fe6ffc-c491-59cf-a2c1-1e2c99c38eb2,False,64.5,1661.0,1471.0,trawlers,,1
92e176c8d-d1fc-2136-4a15-e59280f09e6f,False,72.62,998.0,1838.0,squid_jigger,,1
92e78980b-b2e2-7b8d-cde1-83931d4d3529,False,,,,,,0
93e4213ee-edde-636e-1fb3-ab62bc8095c9,False,51.5732,664.0,1038.04,drifting_longlines|set_longlines,25.0,1
94233953e-efb2-ce70-4f28-9a17f3d2d8af,False,37.46,270.0,735.0,trawlers,,1
94d6d36f0-0a24-2011-1a17-becf829d8e20,False,,,,drifting_longlines|set_longlines,,1
965669015-5972-37c7-451e-efa9a71dde04,False,20.515,91.0,478.0,,,1
97433dd21-17bf-5642-4d4e-bf2ec3f99735,False,16.38,20.92,29.42,set_gillnets,,1
97e3c78ff-f3db-5444-2905-d929ab7ffcdb,False,29.0,136.0,351.0,set_longlines|drifting_longlines,6.0,0
97f2e64b5-5933-81d5-d012-27af36341e45,False,32.275,300.0,502.93240000000003,set_longlines|drifting_longlines|pole_and_line,,0
98343100e-e81f-3f74-20e7-941b30ea11d2,False,46.5,496.0,1059.1333333333334,drifting_longlines|set_longlines,26.0,0
983e6840e-e80c-e3e0-1d39-d263ef508090,False,35.0,481.0,662.2239999999999,set_longlines|drifting_longlines|set_gillnets|driftnets,15.0,1
98d45ad9d-d73f-8a64-4b76-d1b9c272c274,False,27.75,98.0,709.7443999999999,,16.0,1
9938635c8-8871-e092-164e-1fa0d46bb5f1,False,58.7,637.2500000000002,1036.7,,28.5,1
996442b8b-bee8-8f97-b56d-7f9200cc7668,False,51.553333333333335,442.0,888.6,drifting_longlines,26.0,1
9a9b72c4f-f07e-a0c8-9381-3bf9e2c04cdb,False,55.400000000000006,698.0,1184.4270000000001,,30.5,1
9ad505949-9bc0-74a7-32a6-5f369c0bcb8f,False,56.97,516.0,1471.0,fishing,68.0,1
9ad9ae206-6ccd-6ab5-bfc1-c15e0ec5d9e0,False,11.925,15.83,196.0,pots_and_traps,,1
9b3a0a8b3-32c8-7619-e02d-ace00ae15c7b,False,50.985,439.0,1176.0,set_longlines|drifting_longlines,22.0,0
9b4b357cc-c8ac-636f-311e-e28e1b5dd9f7,False,49.9,409.0,741.8359999999999,set_longlines|drifting_longlines,25.0,1
9b6fcf78c-ca5f-00b6-bbef-9e15828f6312,False,31.55,273.0,744.865,drifting_longlines,18.0,0
9bf7bf9bd-df65-9e08-c4ca-e12075740d5e,False,25.38,154.0,339.0,set_longlines,,1
9cf1ce4a7-7f90-9846-f873-7e235cc45a49,False,18.75,38.88,198.29000000000002,pole_and_line,,0
9cf70a931-1237-ba03-bbf8-363d1b40ee83,False,71.79,,2666.8008,,40.0,0
9d06b6b17-70b5-cc1a-7b97-758d40cdf384,False,11.802499999999998,13.8875,87.99000000000001,,,1
9d18efc23-3554-3813-7768-5d0fed53aa1a,False,49.56,651.0,,purse_seines,,1
9d26b76b9-9540-d010-13db-3dcfd3e129ec,False,32.275,300.0,502.93240000000003,set_longlines|drifting_longlines|pole_and_line,,0
9dd27f3a5-50b1-967c-f769-5bbc1ba4440d,False,22.087499999999995,99.0,701.24,drifting_longlines|set_longlines,14.750000000000004,0
9df507b7f-f0cc-75c3-d9ad-da7d9ac48fa7,False,49.394999999999996,379.0,698.0,set_longlines|drifting_longlines,23.0,1
9fd4f6a7f-fe3c-4426-ad34-d571c2685b6b,False,25.38,154.0,339.0,,,1
a000865fd-da3c-ef9d-f3e1-ff5495594001,False,,,,,,0
a04fb7068-829a-69a5-1304-885a531cc30f,False,46.45,681.0,941.6833333333333,set_longlines|drifting_longlines,23.0,1
a07e1148d-db3e-a706-ee58-940da680e6c4,False,28.0,169.0,263.80163333333337,drifting_longlines|set_longlines,,1
a09e8c3aa-a3fd-2c88-ec73-099525ba3f14,False,20.88414634,62.86,73.0,,,0
a0c310768-87bb-81e3-b1c0-520e03f700d8,False,52.53,1315.0,,drifting_longlines|set_longlines,,0
a10db3f95-5947-5c66-5d84-2262bcc993d9,False,30.18,149.0,744.8,,,1
a279d1e2a-a18f-02c3-6f90-4892b0cae7b5,False,32.7,225.0,374.5,,14.0,0
a2b7c51b1-1baa-5d27-9aab-e61406bc772f,False,,,,squid_jigger,,0
a36ee1fa8-8fa0-6a18-a7b0-fa4e3e2c4171,False,14.39,26.82,149.0,pots_and_traps,,0
a3fb085fd-d3c2-7daf-437b-35764c85b8d2,False,21.81,70.0,353.0,set_longlines|drifting_longlines,6.0,0
a4dec7178-8b0e-cd07-ee00-f71426dd9d6f,False,68.81789473683334,1152.0,2296.0,tuna_purse_seines,29.0,1
a4e9eb683-3fd1-c8fc-7eae-666c5d23a3de,False,35.7,198.0,943.317,drifting_longlines|set_longlines,17.0,1
a56adf3e8-8d11-3ab3-2813-2c0ae21bfa04,False,23.85,98.0,698.7443999999999,,18.0,1
a6277e1a0-0228-4e9b-ffc7-3f17a839a404,False,47.015,409.0,741.8359999999999,drifting_longlines|set_longlines,25.0,1
a6b52b095-55ec-b2cd-c8f7-6e16dcc7ba5f,False,35.75,271.0,810.0,,12.0,1
a6f4d7efa-a0c3-6977-0700-f4db7b7c4bfb,False,,,,,,0
a706b5108-8b43-4b47-f729-61c392ec493f,False,28.0,201.0,264.05938,,,0
a71aa65a0-045f-f69c-b5a5-9ede79bd59ad,False,,,,,,1
a79415146-604a-03e9-46f4-51207f186e35,False,23.95,97.0,700.9602499999997,drifting_longlines|set_longlines,17.0,1
a7ee37d2b-b0e3-0911-6b8f-e93554e68dc5,False,32.34583333333333,164.0,429.3946666666667,,13.5,0
a858489e6-6486-0b15-61b5-f718878ecc4f,False,51.4,499.0,741.8359999999999,set_longlines|drifting_longlines,24.0,1
a85f934be-e457-1e54-366d-0c5e3a344504,False,14.98,27.0,221.0,driftnets|set_gillnets,,0
aacbd2917-7f10-db97-480e-5d662d67b00b,False,,,,,,1
ab60c52cf-f3f0-d640-4996-b8af0109e661,False,28.0,136.0,310.3546666666667,drifting_longlines|set_longlines,,1
ab8000ea9-9415-79c8-faa8-8635476f5205,False,27.2,118.0,293.8058000000001,,,1
abd4628e0-0ecc-142e-cbca-9aedbe3177d1,False,52.33,427.0,888.6,drifting_longlines,26.0,1
abddcc503-3aaa-db54-fb57-799bd3648a12,False,9.635,5.1,59.0,set_gillnets|set_longlines,,0
ad7789dea-ab32-3c05-9805-e9d4d8fd7f3e,False,32.795,181.0,736.0,trawlers,,0
ae0f1ef1d-d42e-1a70-ea8f-70b098bac5c9,False,,,,,,1
ae2b07e50-0cb1-8775-956b-79f637d72591,False,26.8,133.0,633.0,trawlers,,1
af2e184b7-79cd-63e0-f1e1-06127e50637e,False,28.0,169.0,263.80163333333337,drifting_longlines|set_longlines,,1
af570432c-cdf6-a3ba-87c0-b2ee72af8813,False,17.1,31.0,169.18,purse_seines,,1
af5d56133-34c9-271f-6d6b-b86c0db215a3,False,38.3,262.0,711.0060000000001,purse_seines,,0
b05046169-986f-88c8-e19d-49f314c81a70,False,55.16,741.0,,drifting_longlines|set_longlines,,0
b0731c492-2e3b-fec4-e904-ebe1da33b22c,False,41.511142858,578.0,773.9607500000001,set_longlines|drifting_longlines|pole_and_line,,0
b0fb3945e-ece9-4b10-3b52-fa2af1d60269,False,56.54666666666667,726.0,1182.4965333333332,drifting_longlines,25.0,1
b3c6ce961-17bf-d988-aa5a-7ac4240e2e2a,False,51.959999999999994,410.0,888.6,drifting_longlines|set_longlines,25.0,1
b4070075d-d24c-66ff-2725-373e701faaaf,False,,,,,,0
b4483823f-fadd-bd00-07d2-b7dd71dbf8d7,False,37.39,199.0,632.4,purse_seines,,0
b4decf785-5ce3-d73f-2f9e-810d45f2fac9,False,20.65,36.0,205.82,purse_seines,,1
b5392738a-ad5c-4712-8aeb-5da1e30c509d,False,21.28,69.0,294.09953333333334,,,0
b5721b1eb-b98d-abad-9a10-b0ae72eaf898,False,21.0,93.0,353.0,set_longlines|drifting_longlines,6.0,0
b58dccf31-10a8-bdfa-1419-10a11c021170,False,20.4,103.0,360.0,trawlers,,0
b5dfe4204-4d04-aa14-1e83-509affe1f3c6,False,105.0,7805.0,5888.0,trawlers,,0
b5e518c31-1131-e4bd-f6b1-af35e0dab592,False,27.6,206.0,252.35866666666666,trawlers,,1
b658a2c96-6c3c-8f93-427b-1b0a71ea46e7,False,44.475,619.0,556.0033333333333,,,1
b6ad6c3b4-4662-a487-9443-e6ac76bd5e5c,False,,,,fishing,,1
b6f65f0ef-fc3f-aeae-dcd0-938edc9799cc,False,22.75,156.3,280.0,set_gillnets,,0
b6f7d4852-2f99-9d48-19ea-ee365a91103b,False,15.036666666666667,23.0,150.0,set_longlines,,1
b70ada36c-c3f8-3a2c-aa05-2acba8736a7e,False,23.451999999999998,151.0,,,,1
b7878158b-b7a7-0d7f-d891-9c937dbbe1ad,False,27.7,159.0,411.8,trawlers,,1
b7e93890b-b3ef-e75b-ab33-63d613996c3d,False,28.677499999999995,98.02357142857143,547.2229714285714,drifting_longlines|set_longlines,17.214285714285715,0
b874a3dfe-e3ab-bf70-39de-61e55596d447,False,51.4,499.0,735.0,drifting_longlines|set_longlines,24.0,0
b8de3c8e8-84f0-ba2f-528c-ff877e2d0e9e,False,52.25333333333334,499.0,589.3965,drifting_longlines,25.0,0
b90a3fec2-263a-a417-aa8a-9cc3e15bc7d4,False,,,,fishing,,0
b912969bd-de98-1451-7222-c3bc0000856b,False,25.45,112.0,386.0,trawlers,,0
b94115d0e-ebf7-6480-cb4f-e2aac15c493e,False,,,,,,1
b970e8d5d-d94f-026a-6e20-5e2dffe77581,False,13.85,20.0,105.0,set_longlines,,0
b973b409b-b9b8-0a9c-6bf2-3cc2b0aa692a,False,21.0,93.0,331.0,set_longlines|drifting_longlines,6.0,0
ba5c6865e-e9d5-4afa-8889-e973ceadb282,False,60.2,798.0,1500.0,,,0
bb2185f02-27dd-4c03-11e9-a9a276734585,False,29.42,144.0,415.6354666666668,purse_seines,,0
bb3b13e59-9a06-2ee3-ee10-4d6f8c56168b,False,21.6,54.19,269.7135,purse_seines,,0
bb4f79343-353c-5e60-8455-70b071bd6bac,False,35.7,198.0,943.317,drifting_longlines|set_longlines,17.0,0
bb9751446-6017-074e-9e55-e79efdec9ef0,False,74.55,998.0,1838.0,squid_jigger,,0
bc427dae4-415a-8334-91d7-7044c5f7f66a,False,20.6,65.0,147.79,drifting_longlines|pole_and_line,,1
bd4ac7109-9912-a55b-5814-c3b152cf83f9,False,46.66,411.0,600.5029999999999,,19.0,1
bd58faa68-8509-b274-c5d3-9a0e933c5213,False,59.86,1365.0,,purse_seines,,0
be6de55cd-db9e-5590-8af9-611f70eec3cb,False,28.6,203.0,444.425,drifting_longlines|set_longlines|pole_and_line,,0
be982fa28-8293-f107-43ce-797f1b2167ab,False,55.75,667.0,1103.0,pots_and_traps,,1
bf5451d87-7c76-554a-382b-4f513a7ea37a,False,51.4,499.0,735.0,drifting_longlines|set_longlines,25.0,1
bf933c42d-d6a4-7b3f-5a8c-7ba57553d8c1,False,49.394999999999996,379.0,698.0,,24.0,1
bfc517541-1eb0-ade1-4ed5-145af912d82b,False,23.32,126.0,484.9,trollers,5.0,0
bfc98d12f-fdd9-0c3c-f3a0-68d8e0891e2e,False,49.995000000000005,439.0,735.0,drifting_longlines|set_longlines,25.0,0
c0c07745c-caa9-2a15-9b87-0369708d0612,False,,,,,,0
c0d3befba-a601-65d5-086e-3d641425c1db,False,49.470000000000006,733.0,895.2,drifting_longlines|set_longlines,25.0,0
c202631d8-80bc-0a5f-a432-67efa4ef0a5d,False,29.48,167.0,458.95,,,0
c38364801-10af-1d82-6005-60239024e880,False,53.3,582.0,888.6,drifting_longlines,25.0,1
c3e45fbd0-085f-2634-d638-9ddbc3fadebe,False,,,,,,0
c4a4162c0-0c99-22bc-b27a-46e19c7edea1,False,50.6,659.0,693.399375,drifting_longlines|set_longlines,25.0,0
c61b6c69c-c5e2-8140-c7d6-5ced9a266824,False,51.39,424.0,888.6,drifting_longlines,26.0,1
c63284159-9aa7-ab76-77fe-b4b45c7c32b8,False,66.092,1280.0,2353.3896,tuna_purse_seines,33.0,0
c738cc011-1201-533b-dd65-0fe9ac26c22f,False,39.9,328.0,1250.0,,,0
c73e83e2f-ff20-c691-5543-0b06d225cc8f,False,29.0,239.0,295.5766666666667,trawlers,,0
c79c142cc-c0c1-09d2-742b-33c80371d807,False,58.569875,973.0,2685.6,tuna_purse_seines,24.0,0
c8d1ae803-341c-9d1e-5735-aa3674e72d2f,False,9.24,7.47,99.29,pots_and_traps,,0
cb6e2e390-0aa4-26f3-cde2-e8fb025abc25,False,,,,,,1
cbf9f66c4-47a1-980f-527a-2013c72a190d,False,32.0,179.0,759.0,drifting_longlines|set_longlines,20.0,0
cc15fc5fb-bebe-2463-b9a9-b8e5fb0e7a84,False,20.4,103.0,360.0,trawlers,,1
cf3fe30c5-5e50-6bc7-75ca-f19a5d65c7b9,False,30.33,195.0,558.0,set_gillnets,,1
d02a05daa-a82c-31e7-6362-3034747d4dac,False,23.8,86.0,410.3,drifting_longlines|set_longlines,12.0,1
d034651e0-066d-86bf-f969-cdeee3d4a318,False,22.8,50.0,485.0,set_longlines|drifting_longlines,5.0,0
d073561d6-69fb-b7ce-40f5-cef328b1d439,False,79.71333333333334,3274.0,2819.324,trawlers,,0
d1b10002c-c86a-9894-919f-a9bb2fe99a33,False,25.45,117.36,220.65,trawlers,,1
d35d8f7f0-09f3-44d1-f15a-4f8141a78e77,False,38.583333333333336,148.0,601.223,,15.0,1
d3e24cea5-544f-91c4-564a-e890f2895869,False,37.5,393.0,588.5775,,15.0,1
d4fc9b021-1522-9b02-289f-f5c883e35ab5,False,,,,,,0
d51045d4f-f0b5-2e96-04e1-72a6f85e0ccb,False,22.325000000000003,98.0,696.12,,16.0,1
d5773b9b4-4cb5-91dd-fe16-dd5007129edd,False,51.4,499.0,735.0,drifting_longlines|set_longlines,24.0,0
d61364f6b-b6a8-4c6d-e251-8ad2c584b36a,False,19.905,78.0,,fishing,,0
d624e4454-45a3-38b6-7321-bd7bdf85e31c,False,65.75,1526.0,2647.5008,tuna_purse_seines,25.0,0
d632e4ba1-1517-3aee-bc43-3845905ede5a,False,,,,non_fishing,,1
d76f307f7-76a6-5d05-03ba-47ef905b9a23,False,25.23,68.0,110.0,set_gillnets|set_longlines,,0
d80537098-8b52-1382-cc0c-81cba02329c0,False,49.3,379.0,735.0,set_longlines|drifting_longlines,24.0,0
dae1f89a4-4826-eb3d-4db8-2aaff5e241c3,False,25.5,117.36,220.65,trawlers,,1
db06ebd32-23b0-091f-3724-48b2c337c0b3,False,28.0,201.0,264.05938,,,1
dc3f954a1-1463-8ae3-be8b-64a59c386a18,False,54.0115625,479.0,694.5818,set_longlines|drifting_longlines,24.0,1
dde873fc8-81ca-c64a-8e20-28552a947667,False,29.174999999999997,175.0,662.0,,,1
de47a84ce-e2e2-7050-d184-0b2309412474,False,52.473333333333336,499.0,1323.0,set_longlines|drifting_longlines,25.0,0
e02c342ff-f088-cb0b-916f-2cd67578cbb6,False,22.5,185.0,399.8,pots_and_traps,,0
e0b4c059a-a21d-0513-e952-bf0a21dea75b,False,54.8,499.0,735.0,set_longlines|drifting_longlines,25.0,1
e12f64b2c-cb2a-87c4-d6b0-a582108ae516,False,53.3,739.0,382.2,drifting_longlines|set_longlines,24.0,1
e199ae6ee-e3eb-e948-696a-33d9dfaf69f1,False,51.22625,640.0,886.6224000000001,drifting_longlines,25.5,0
e1c63df31-184b-e1d6-5719-23552a46e6a9,False,40.3,399.0,651.2701199999999,set_longlines|drifting_longlines|pole_and_line,,1
e339a317b-b85e-32ef-9431-6d7357c26e5a,False,22.895,110.0,498.0,,,1
e33e3762e-efe8-c6c2-7e9b-cf54b63082a8,False,23.8,86.0,410.3,drifting_longlines|set_longlines,12.0,0
e3553d955-5e67-01be-fcd6-15551fe5fadd,False,,,,,,1
e4136060f-f5f2-3c9b-8cbf-237798bd9fe8,False,23.32,126.0,484.9,trollers,5.0,1
e45ad9723-39a4-6cff-50ba-38f3afa151aa,False,50.9,233.325,,trawlers,22.0,0
e49946893-3ce4-35af-31ff-ba7dad1009c3,False,25.38,154.0,339.0,set_longlines,,0
e4c989524-4b91-60c3-2331-8ac759fd7749,False,50.59,655.0,735.0,set_longlines|drifting_longlines,25.0,1
e51b2f827-752c-1d65-9f2a-0ccaa88c0e03,False,23.5,128.0,301.48853333333335,drifting_longlines|pole_and_line,,1
e54d28b42-2704-4794-d1e3-d5a6be8326b6,False,24.585,109.0,323.07304999999997,,,1
e618c06de-e148-d337-8d79-0c60ab43f867,False,53.07,454.0,489.87399999999997,set_longlines|drifting_longlines,25.0,0
e64b4078c-c7e2-4dac-fb76-ffdf97d6f025,False,,,,,,1
e6c9bae78-89d1-f17e-94dc-3092989133de,False,21.1,136.0,272.0,,4.0,1
e869afff3-3076-c521-6c87-eb73461a03fc,False,44.98,498.0,662.0,,,0
e90b32e2d-ddb9-989a-0145-10aa4b530db9,False,17.8,41.0,217.0,trawlers,,0
e9faca133-37da-84d2-def4-6c1a2add9f60,False,20.09111111,83.82222222333333,,set_longlines|drifting_longlines|pole_and_line,,0
ea74c15f3-3a43-6f5d-e2d7-44082a7ffe34,False,,,,trawlers,,0
eb22800d3-31b7-fe3c-c001-a157f1677794,False,22.9,79.0,440.0,trawlers,,1
eb5ea21a5-53b8-c70f-77ec-aaa148c03501,False,42.5,1048.0,1776.0,trawlers,,1
ebd594847-7f2c-8856-13de-015f112d85cd,False,23.95,97.0,700.960250000001,drifting_longlines|set_longlines,17.0,1
ebea9f47c-cbc1-cb4f-748b-471ed3df4e5a,False,49.995000000000005,431.0,735.0,drifting_longlines,23.0,0
ec6b95f67-7a25-fa9b-c7f9-204479be22d7,False,17.009999999999998,21.0,161.8,set_longlines,,1
ecc181876-627e-2ac4-dbb6-44f48d70093f,False,29.0,136.0,351.0,set_longlines|drifting_longlines,6.0,1
ece22a7ee-e029-b07a-b81b-305563201a84,False,51.39,424.0,888.6,drifting_longlines,26.0,1
ece5480ec-c232-fa4c-d693-8eba9250ff8b,False,25.38,154.0,339.0,set_longlines,,1
ecefcf6a9-9546-034f-3e06-c0bb0e757083,False,40.5,,586.7149999999999,,16.0,1
ee7bcc7e7-7661-5c6d-2273-722ee31adc33,False,29.0,236.0,306.0427,drifting_longlines|set_longlines|pole_and_line,,1
ef6c25c87-754c-da84-29b6-fea71a3db9a4,False,35.75,271.0,810.0,,12.0,0
efa83eaca-a18d-beaf-e651-b1b2931ae04c,False,26.45,163.0,426.0,purse_seines,,1
f12469adb-b0f1-90cb-6259-f1e996c92568,False,44.475,619.0,556.0033333333333,,,1
f1d28200f-f91f-390b-2ba1-e2025fca4ab8,False,52.510000000000005,499.0,1248.417275,set_longlines|drifting_longlines,25.0,1
f22a59bb2-2377-0bed-67a2-b9fb95bc620e,False,,,,,,0
f268a9811-1745-d532-7ff9-93b825f8a097,False,52.35365217392,408.0,888.6,drifting_longlines,25.0,1
f319e0f07-79db-427b-5ac9-820c6e4c2962,False,59.629999999999995,1094.0,1985.0,purse_seines,24.0,1
f3a81e20d-d9b3-aac3-3c65-e1e5d5195a2e,False,,,,,,1
f40900f52-2e21-a727-f6d8-27fc24d1bcb2,False,76.75,760.0,2942.0,tuna_purse_seines,27.0,0
f42be5d6b-bdf1-7d9f-864a-af889c163e19,False,28.6,203.0,444.425,drifting_longlines|set_longlines|pole_and_line,,1
f4dd0cb24-43cb-94b4-73a4-3f6322b999b4,False,55.400000000000006,698.0,1184.4270000000001,,30.5,1
f50f2b4d9-9f87-86d7-daa9-b063cff719ed,False,21.0,97.0,331.0,set_longlines|drifting_longlines,6.0,1
f521f6694-4f5f-2417-f644-cb2c7bb24407,False,52.605000000000004,721.0,628.547375,drifting_longlines|set_longlines,25.0,0
f57a1fbf0-0951-431b-85b8-40485bc9b662,False,20.0,77.0,224.0,pole_and_line,,1
f6336fa73-343a-89da-34b2-0052bb9578ec,False,23.975,120.0,331.74,set_longlines|drifting_longlines,5.0,1
f7636d00b-b210-6809-69fb-a8b4e00754a2,False,15.9,53.21,236.0,purse_seines,,0
f7643975d-d7ac-6819-c7da-1d79578dfb00,False,22.61,99.0,701.0535,,15.0,1
f86fdf4dd-d49d-3acd-bbe0-9d7d09ddb5fe,False,22.087499999999995,99.0,701.24,drifting_longlines|set_longlines,14.75,1
f9c902a09-9842-983d-c11a-82e95c9c6756,False,9.635,5.1,59.0,set_gillnets|set_longlines,,1
f9dba4d5c-c81c-3e8f-9200-6e71aa34c7d5,False,,,,,,0
fa03494d0-0c00-4764-9219-e265ece25aaf,False,52.473333333333336,499.0,1323.0,set_longlines|drifting_longlines,25.0,1
fa51a7767-769b-3a9a-36c7-8f0f5071f998,False,52.989999999999995,409.0,693.399375,drifting_longlines,21.0,0
fb2544e2a-aa81-8527-408c-91ee0ad42bce,False,21.3,75.0,294.0,trawlers,,1
fbbbd8921-17d0-3875-dcfa-9e407cbb76e7,False,22.8,50.0,485.0,set_longlines|drifting_longlines,5.0,1
fc5ec99da-a9f6-5d9e-44d9-fe836b40b04c,False,21.0,93.0,353.0,set_longlines|drifting_longlines,6.0,1
fc8f81ea5-5be2-fedd-24ac-fbf6a84409d8,False,37.0,206.0,341.39446666666663,purse_seines|pole_and_line,,1
fde3dd180-0692-d2c3-61cd-580b0e712248,False,,,,,,1
fe090a354-4df8-99b5-75b1-2c92825a8eb7,False,24.0,123.0,236.67360000000002,drifting_longlines|set_longlines|pole_and_line,,0
fe45300cb-bd4c-315c-5506-7a5a0b729d73,False,41.015,302.0,896.3299999999999,,18.0,1
feaa74aac-cd72-52f1-ca76-702c8b1f371d,False,49.9,409.0,741.8359999999999,set_longlines|drifting_longlines,25.0,1
ff737b6f0-05b5-aadb-ea8c-4b340e26d869,False,,,,,,1
ff8da40e1-12f1-0dbe-bd56-aa41d65f5749,False,74.55,998.0,1764.0,squid_jigger,,1
